Codigo;Nome;Descrição;unidade_medida;estoque_atual;estoque_minimo
1;FREIO LF-480;CONJUNTOS E SUBCONJUNTOS;UN;0;0
207;EIXO SUSTENTAÇÃO ANILHAS 900MM (021101689);USINADOS;UN;0;0
209;EIXO SUSTENTAÇÃO ANILHAS 390MM (021101202);USINADOS;UN;0;0
212;EIXO SUSTENTAÇÃO ANILHAS 450MM (021101279);USINADOS;UN;0;0
212;EIXO SUSTENTAÇÃO ANILHAS 450MM (021101279);USINADOS;UN;0;0
234;FLAUTA QUADRADA 40X40 300MM INOX (021102541);TUBOS;UN;0;0
250;GUIA DO REGULADOR DE ALTURA DA PERNA RETIFICADO (021102959);USINADOS;UN;0;0
253;EIXO SUSTENTAÇÃO ANILHAS 1200MM (021103385);USINADOS;UN;0;0
258;EIXO DO PÉ DE VELA DA LF-480 (021101373);USINADOS;UN;0;0
266;RODA DE INERCIA DO ELIPTICO/BIC.VERT.HORIZ. DESMONTADA - 021101367;USINADOS;UN;0;0
269;ROLETE TRASEIRO X-4/X-4 GT (021102286);USINADOS;UN;0;0
270;ROLETE DIANTEIRO X-3 3 CV (021102342);USINADOS;UN;0;0
271;ROLETE TRASEIRO X-3 3 CV (021102302);USINADOS;UN;0;0
275;EIXO TRASEIRO DO ROLO X-4 GT (021102312);USINADOS;UN;0;0
276;EIXO TRASEIRO DO ROLO X-3 GT (021102321);USINADOS;UN;0;0
278;POLIA DO ROLO 2CV - PRONTA (X-3/X-4 GT)(021106804);USINADOS;UN;0;0
280;ROLETE DIANTEIRO X-4/X-4 GT (021102400);USINADOS;UN;0;0
283;ROLETE TRASEIRO COMPLETO X-3;CONJUNTOS E SUBCONJUNTOS;UN;0;0
287;ROLETE TRASEIRO COMPLETO X-4/X-4 GT;CONJUNTOS E SUBCONJUNTOS;UN;0;0
292;PINO CONICO INOX (ELIPTICO/BICICLETA) (021101410);USINADOS;UN;0;0
297;SUPORTE CAMA DO IMA LF-200/220/250/300/400 (021103102);CHAPAS;UN;0;0
299;ESTICADOR DE CORREIA BIKE E ELIPTICO;CONJUNTOS E SUBCONJUNTOS;UN;0;0
303;BUCHA MENOR EIXO DA RODA LF-480 (021102590);USINADOS;UN;0;0
307;CAMA DO IMÃ LF-200/250;CONJUNTOS E SUBCONJUNTOS;UN;0;0
309;CHAPA FIXAÇÃO DA CARENAGEM LF-200/220/250(021104401);CHAPAS;UN;0;0
319;FIO COM PINO/TERMINAL E CAPA (ESTEIRAS);CONJUNTOS E SUBCONJUNTOS;UN;0;0
324;BAGUETE DO ESTICADOR;CHAPAS;UN;0;0
689;BARRA GRANDE DA PUXADA (021102519);CONJUNTOS E SUBCONJUNTOS;UN;0;0
691;BARRA RETA PUXADA BAIXA (021102518);CONJUNTOS E SUBCONJUNTOS;UN;0;0
893;ESTRIBO ANTIGO (021102516);CONJUNTOS E SUBCONJUNTOS;UN;0;0
921;BARRA CURVA P/ TRICEPS (021102520);CONJUNTOS E SUBCONJUNTOS;UN;0;0
923;BARRA TRIANGULO (021104273);CONJUNTOS E SUBCONJUNTOS;UN;0;0
928;BARRA P/ REMADA DO FUNCIONAL (021102587/021100497);CONJUNTOS E SUBCONJUNTOS;UN;0;0
1082;SUPORTE DA RODINHA (021103081);CHAPAS;UN;0;0
1082;SUPORTE DA RODINHA (021103081);CHAPAS;UN;0;0
1086;"TUBO RED. DOB. Ø1""x#2,00 250mm (021100267)";TUBOS;UN;0;0
1089;TUBO DO BRAÇO (021101120);TUBOS;UN;0;0
1091;TRAVA SUPERIOR DAS TORRES (021102288);TUBOS;UN;0;0
1092;COLUNA DA PUXADA 2X1 LFR (021105186);TUBOS;UN;0;0
1093;TUBO CURVADO DA TORRE S/ FURO 2440mm (021106608);TUBOS;UN;0;0
1094;BRAÇO (021101232);TUBOS;UN;0;0
1097;BRAÇO (021100312);TUBOS;UN;0;0
1100;CORPO (021102311);TUBOS;UN;0;0
1101;TORRE DO ENCOSTO (021103156);TUBOS;UN;0;0
1102;TUBO DE LIGAÇÃO (021102328);TUBOS;UN;0;0
1103;TUBO DO ENCOSTO DO CARRINHO (021102329);TUBOS;UN;0;0
1104;"TUBO RED. DOB. Ø1""x#2,00 470mm (021102422)";TUBOS;UN;0;0
1105;"TUBO RED. DOB. Ø1""x#2,00 365mm (021100121)";TUBOS;UN;0;0
1106;"TUBO RED. DOB. Ø1""x#2,00 350mm (021101989)";TUBOS;UN;0;0
1107;"TUBO RED. DOB. Ø1""x#2,00 535mm";TUBOS;UN;0;0
1108;"TUBO RED. DOB. Ø1""x#2,00 440mm (021104192)";TUBOS;UN;0;0
1109;MÃO FRANCESA TORRE DO ENCOSTO (021101582);TUBOS;UN;0;0
1116;BRAÇO DO CONTRA PESO (021100731);TUBOS;UN;0;0
1118;"TUBO DE LIGAÇÃO DA BARRA GUIADA FURO Ø2"" (021102327)";TUBOS;UN;0;0
1122;ALÇA DA REMADA SENT. OPTIMUS (021105725);TUBOS;UN;0;0
1123;"TUBO RED. DOB. Ø1""x#3,00 1380mm (021101985)";TUBOS;UN;0;0
1126;BRAÇO DO TRÍCEPS PRÓ/LFR (021101329);TUBOS;UN;0;0
1130;TUBO DA PERNA ESQUERDA (021104100);TUBOS;UN;0;0
1131;TUBO DA PERNA C/ BOCA DE LOBO DIREITO (021104101);TUBOS;UN;0;0
1132;TUBO DE APOIO DA TORRE (021101164);TUBOS;UN;0;0
1136;TUBO DO APOIO DO PEITO (021100363);TUBOS;UN;0;0
1138;TUBO INFERIOR (021101221);TUBOS;UN;0;0
1139;TUBO SUPERIOR (021101970);TUBOS;UN;0;0
1141;HASTE DE APOIO (021100356);TUBOS;UN;0;0
1142;BRAÇO DO APOLETE LFR (021104040);TUBOS;UN;0;0
1143;TUBO DE APOIO DO OMBRO (021101108);TUBOS;UN;0;0
1148;ARCO DO CAVALINHO (021100348);TUBOS;UN;0;0
1150;TUBO DA MANETE (021101225);TUBOS;UN;0;0
1151;"TUBO RED. DOB. Ø1""x#3,00 880mm";TUBOS;UN;0;0
1154;"TUBO RED. DOB. Ø1""x#2,00 400mm(021101782)";TUBOS;UN;0;0
1157;"TUBO RED. DOB. Ø1""x#2,00 810mm (021100161)";TUBOS;UN;0;0
1196;FERRO CHATO DA BUCHA GUIA (021102905);CHAPAS;UN;0;0
1200;TUBO DAS PEGADAS 15MM (021102513);USINADOS;UN;0;0
1202;TUBO DA BASE DE PESO PRÓ (021104150);TUBOS;UN;0;0
1203;"CHAPA SUPERIOR DA TORRE PRÓ #1/4"" (021104151)";CHAPAS;UN;0;0
1208;FERRO CHATO DO GUIDÃO 83MM (021103058);CHAPAS;UN;0;0
1210;"ORELHA DO ENCAIXE LF-X 160MM #1/8"" (021104700)";ORELHAS;UN;0;0
1211;CONDUITE 170MM (021101576);TUBOS;UN;0;0
1219;"ALÇA DO SUPINO C/ CORTE Ø1""x#2,00 300mm (021101966)";TUBOS;UN;0;0
1222;RODA DO ELIPTICO/BIC.VERT.HORIZ. MONTADA;CONJUNTOS E SUBCONJUNTOS;UN;0;0
1224;FERRO CHATO DE ALUMINIO DA RODA;CHAPAS;UN;0;0
1225;EIXO DA RODA LF-200 (021101407);USINADOS;UN;0;0
1227;EIXO DA RODA LF 480 (021101406);USINADOS;UN;0;0
1298;TRAVA CABO COM TREFILADO;CONJUNTOS E SUBCONJUNTOS;UN;0;0
1316;SUPORTE DO CABO DOBRADO MENOR #1/8 (021104540);CHAPAS;UN;0;0
1366;CANTONEIRA DA EXCÊNTRICA;TUBOS;UN;0;0
1388;SUPORTE DA BASE LC 40/50/70/100;CONJUNTOS E SUBCONJUNTOS;UN;0;0
1391;TUBO DA BASE DE PESO LFS (021104502);TUBOS;UN;0;0
1392;CH. SUPERIOR DA TORRE IRIDIUM #1/4 (021104503);CHAPAS;UN;0;0
1410;TUBO DE INOX DO TUBO DO LEG - 1491MM (POLIR);CONJUNTOS E SUBCONJUNTOS;UN;0;0
1412;SUPORTE DA BASE LC 30;CONJUNTOS E SUBCONJUNTOS;UN;0;0
1586;"APOIO DO ASSENTO #3/16"" (021101067)";CHAPAS;UN;0;0
1587;"APOIO PEITO REMADA CONV. #3/16"" (021100219)";CHAPAS;UN;0;0
1589;"ORELHA 100MM CRUZETA #1/4"" (021100362)";ORELHAS;UN;0;0
1590;"BALANCIN DO ROLETE NOVO #1/2"" (021104515)";CHAPAS;UN;0;0
1591;"ORELHA 120MM #1/4"" (021102923)";ORELHAS;UN;0;0
1592;"CHAPA DA BARRA ARTICULAÇÃO DO BRAÇO #3/16"" (021101648)";CHAPAS;UN;0;0
1593;"ORELHA 150MM #1/4"" (021101332)";CHAPAS;UN;0;0
1593;"ORELHA 150MM #1/4"" (021101332)";CHAPAS;UN;0;0
1595;"ORELHA 180MM #1/4"" (021101333)";ORELHAS;UN;0;0
1597;"ORELHA 200MM #1/4"" (021101684)";ORELHAS;UN;0;0
1598;"ORELHA 40MM #1/4"" (021102514)";ORELHAS;UN;0;0
1600;"ORELHA 42MM #1/8"" (021102379)";ORELHAS;UN;0;0
1602;"ORELHA 60MM #1/4"" (021101699)";ORELHAS;UN;0;0
1603;"BATENTE DO BRAÇO #3/8"" (021104312)";CHAPAS;UN;0;0
1605;"CAPA DE ROLDANA #1/8"" (021100344)";CHAPAS;UN;0;0
1607;"ORELHA 70MM DO CAVALINHO #1/4"" (021100353)";ORELHAS;UN;0;0
1608;"ORELHA 80MM #1/4"" (021104041)";ORELHAS;UN;0;0
1609;"CAPA MAIOR DE ROLDANA #1/8"" (021100590)";CHAPAS;UN;0;0
1611;"CAPA MENOR DE ROLDANA #1/8"" (021100532)";CHAPAS;UN;0;0
1613;"CH. BANCO SUP. INCL. 100X150X220 #3/16"" (021100436)";CHAPAS;UN;0;0
1616;"ORELHA DA PANTURRILHA #3/16"" (021104138)";ORELHAS;UN;0;0
1618;"ORELHA DE ARTIC. DO BANCO #1/4"" (021103755)";ORELHAS;UN;0;0
1622;"CH. SUP. DA CAMA DO IMA 40MM #1/4"" (021104418)";CHAPAS;UN;0;0
1623;"CHAPA 1/4'' DA EXCÊNTRICA #1/4"" (021100006)";CHAPAS;UN;0;0
1628;"ORELHA DO ADUT./ABD. CONJ. LF-X #1/4"" (021104096)";ORELHAS;UN;0;0
1636;"CHAPA APOIO DE OMBRO #1/8"" (021102488)";CHAPAS;UN;0;0
1639;"ORELHA DO SUP. DA BARRA #1/4"" (021104045)";ORELHAS;UN;0;0
1641;"CHAPA BASE DO CARRINHO #1/4"" (021102333)";CHAPAS;UN;0;0
1643;"ORELHA EXTENSORA #1/2"" (021102184)";ORELHAS;UN;0;0
1644;"ORELHA SUPORTE DO MACAQUINHO #3/16"" (021100266)";ORELHAS;UN;0;0
1649;"CHAPA CONEXÃO #1/4"" (021101174)";CHAPAS;UN;0;0
1650;"CHAPA DA ARTICULAÇÃO #1/4"" (021104103)";CHAPAS;UN;0;0
1656;"CHAPA DA PEGADA #1/4"" (021104063)";CHAPAS;UN;0;0
1658;"CHAPA DA TRAVA DO CROSSMITH #3/16"" (021104479)";CHAPAS;UN;0;0
1659;"CHAPA DA TRAVA DO CROSSMITH S/ FURO #3/16"" (021104590)";CHAPAS;UN;0;0
1660;"CHAPA DA TRAVESSA DO CROSSMITH #3/16"" (021104480)";CHAPAS;UN;0;0
1661;"CHAPA DAS ROLDANAS #1/4"" (021104035)";CHAPAS;UN;0;0
1662;"CHAPA DAS ROLDANAS #3/16"" (021101151)";CHAPAS;UN;0;0
1663;"CHAPA DE ACOP. SUP. PERNA #3/16"" (021102930)";CHAPAS;UN;0;0
1665;"CHAPA DE APOIO DA PEGADA #3/16"" (021104053)";CHAPAS;UN;0;0
1667;"CHAPA DE ARTICULAÇÃO #1/4"" (021103490)";CHAPAS;UN;0;0
1668;"CHAPA DE ARTICULAÇÃO DA BASE #1/4"" (021102548)";CHAPAS;UN;0;0
1670;"CHAPA DE CONEXÃO #1/4"" (021103216)";CHAPAS;UN;0;0
1672;"CHAPA DE FIX. GUIA DO CARRINHO #1/4"" (021104570)";CHAPAS;UN;0;0
1673;"CHAPA DE FIXAÇÃO DA ROLDANA #3/16"" (021101251)";CHAPAS;UN;0;0
1674;"CHAPA DE FIXAÇÃO DO BRAÇO #5/16"" (021101254)";CHAPAS;UN;0;0
1675;"CHAPA DE FIXAÇÃO DO BRAÇO #5/16"" (021102474)";CHAPAS;UN;0;0
1678;"CHAPA DE REG. DA EXTENSORA #1/4"" (021102104)";CHAPAS;UN;0;0
1679;"CHAPA DE REG. DA EXTENSORA #1/4"" (021102105)";CHAPAS;UN;0;0
1687;"CHAPA DO ASSENTO 300X300 #3/16"" (021101140)";CHAPAS;UN;0;0
1687;"CHAPA DO ASSENTO 300X300 #3/16"" (021101140)";CHAPAS;UN;0;0
1688;"CHAPA DO BATENTE #3/8"" (021104105)";CHAPAS;UN;0;0
1689;"MÃO FRANCESA 135MM #3/16"" (021100128)";MÃO FRANCESA;UN;0;0
1693;"MÃO FRANCESA ADUTOR #3/16"" (021101149)";MÃO FRANCESA;UN;0;0
1694;"MÃO FRANCESA ADUTOR/ABDUTOR #3/16"" (021101444)";MÃO FRANCESA;UN;0;0
1697;"MÃO FRANCESA CONDUITE #3/16"" (021100415)";MÃO FRANCESA;UN;0;0
1698;"MÃO FRANCESA DA BASE #3/16"" (021100273)";MÃO FRANCESA;UN;0;0
1699;"MÃO FRANCESA DA CH. ASSENTO #3/16"" (021101419)";MÃO FRANCESA;UN;0;0
1701;"MÃO FRANCESA DA PANTURRILHA #1/4"" (021104343)";MÃO FRANCESA;UN;0;0
1702;"MÃO FRANCESA DA PEGADA #3/16"" (021103466)";MÃO FRANCESA;UN;0;0
1703;"MÃO FRANCESA DA PERNA #1/4"" (021104106)";MÃO FRANCESA;UN;0;0
1704;"MÃO FRANCESA DA ROLDANA #1/4"" (021102560)";MÃO FRANCESA;UN;0;0
1705;"MÃO FRANCESA DA ROLDANA #1/4"" (021104034)";MÃO FRANCESA;UN;0;0
1707;"MÃO FRANCESA DA TORRE #3/16"" (021100082)";MÃO FRANCESA;UN;0;0
1710;"MÃO FRANCESA DO BRAÇO #3/16"" (021101231)";MÃO FRANCESA;UN;0;0
1712;"MÃO FRANCESA DO CONDUITE #3/16"" (021101425)";MÃO FRANCESA;UN;0;0
1716;"MÃO FRANCESA DO ROLETE #3/16"" (021102797)";MÃO FRANCESA;UN;0;0
1721;"MÃO FRANCESA PARAL. ABDOMINAL #3/16"" (021104037)";MÃO FRANCESA;UN;0;0
1723;"MÃO FRANCESA REMADA 150MM #3/16"" (021101214)";MÃO FRANCESA;UN;0;0
1724;"MÃO FRANCESA SEM FURO #1/4"" (021104179)";MÃO FRANCESA;UN;0;0
1725;"MÃO FRANCESA TORRE ASSENTO #3/16"" (021101147)";MÃO FRANCESA;UN;0;0
1726;"MÃO FRANCESA TORRE FLEXORA #3/16"" (021101148)";MÃO FRANCESA;UN;0;0
1727;"CHAPA DO BATENTE DA EXCÊNTRICA #1/4"" (021103491)";CHAPAS;UN;0;0
1734;"CHAPA DO ENC. 150X250X350 #3/16"" (021101138)";CHAPAS;UN;0;0
1736;"CHAPA DO FREIO #3/8"" (021100569)";CHAPAS;UN;0;0
1740;"CHAPA DO MANCAL DO BRAÇO#1/4"" (021104326)";CHAPAS;UN;0;0
1741;"CHAPA DO MANCAL SUPERIOR #1/4"" (021104635)";CHAPAS;UN;0;0
1747;"CHAPA DO PÉ DE APOIO #1/4"" (021104520)";CHAPAS;UN;0;0
1748;"CHAPA DO PISANTE #3/16"" (021101294)";CHAPAS;UN;0;0
1748;"CHAPA DO PISANTE #3/16"" (021101294)";CHAPAS;UN;0;0
1754;"CHAPA DO SUPORTE APOIO DOS PÉS #1/4"" (021104374)";CHAPAS;UN;0;0
1755;"CHAPA ENCOSTO GLÚTEO #3/16"" (021100474)";CHAPAS;UN;0;0
1764;CHAPA INF. CROSS OVER LFX #3/16'' (021104371);CHAPAS;UN;0;0
1765;"CHAPA INF. DO CROSS OVER SMART #3/16"" (021104558)";CHAPAS;UN;0;0
1767;"CHAPA INF. DO SUPORTE #1/4"" (021104198)";CHAPAS;UN;0;0
1768;"CHAPA INFERIOR CARRINHO #3/8"" (021101244)";CHAPAS;UN;0;0
1769;"CHAPA INFERIOR DA FLAUTA #3/16"" (021102090)";CHAPAS;UN;0;0
1778;"CHAPA LATERAL DO CARRINHO #3/16"" (021102093)";CHAPAS;UN;0;0
1782;"CHAPA MACAQUINHO CROSS OVER #1/8"" (021102071)";CHAPAS;UN;0;0
1785;"CHAPA MORCEGO #3/16"" (021103223)";CHAPAS;UN;0;0
1786;"CHAPA NIKE #1/4"" (021103507)";CHAPAS;UN;0;0
1790;"CH. DIREITA SUP. DO CROSSMITH C/ FURO #3/16"" (021104481)";CHAPAS;UN;0;0
1792;"CHAPA SUP. DO SUPORTE EMBORRACHADA #1/4"" (021104197)";CHAPAS;UN;0;0
1794;"CHAPA SUP.CROSS OVER LFX #3/16"" (021104372)";CHAPAS;UN;0;0
1797;"CHAPA SUPERIOR DA FLAUTA #3/16"" (021102091)";CHAPAS;UN;0;0
1800;"CHAPA SUPERIOR DO CROSS OVER #3/16"" (021103414)";CHAPAS;UN;0;0
1801;"CHAPA ESQUERDA SUPERIOR DO CROSSMITH #3/16"" (021104478)";CHAPAS;UN;0;0
1802;"CHAPA SUPERIOR DO SMITH #3/16"" (021100022)";CHAPAS;UN;0;0
1806;"CHAPA SUPERIOR SMITH #3/16"" (021101173)";CHAPAS;UN;0;0
1808;"CHAPA SUPORTE DAS ROLDANA #3/16"" (021101152)";CHAPAS;UN;0;0
1817;"CHAPA TRAVA BARRA GUIADA #3/16"" (021101180)";CHAPAS;UN;0;0
1818;"CHAPA TRAVA DA BASE #1/4"" (021104641)";CHAPAS;UN;0;0
1819;"CHAPA TRAVA DO ROLETE #3/16"" (021104629)";CHAPAS;UN;0;0
1820;"CHAPA TRAVESSA ALTA #1/4"" (021100155)";CHAPAS;UN;0;0
1821;"CHAPA TRIÂNGULO DA PUXADA #1/4"" (021104177)";CHAPAS;UN;0;0
1822;"CHAPAS DO ASS. 150X200 #3/16"" (021100033)";CHAPAS;UN;0;0
1824;"COMP. DA CHAPA DO FREIO #1/4"" (021102345)";CHAPAS;UN;0;0
1825;"COMPLEMENTO CHAPA DO FREIO #1/4"" (021101264)";CHAPAS;UN;0;0
1827;"DISCO EXCÊNTRICO #3/16"" (021101191)";CHAPAS;UN;0;0
1828;"DISCO MENOR #3/16"" (021100538)";CHAPAS;UN;0;0
1832;"GARFO DA EXTENSORA #1/4"" (021102378)";CHAPAS;UN;0;0
1834;"CHAPA JACARÉ #1/4"" (021101297)";CHAPAS;UN;0;0
1835;"CH. OITO DA ROLDANA #3/16"" (021104311)";CHAPAS;UN;0;0
1848;"CHAPA DE ACOP. SUP. PERNA #1/4"" (021102937)";CHAPAS;UN;0;0
1850;"SUPORTE APOIO PERNA #1/4"" (021102938)";CHAPAS;UN;0;0
1855;"SUPORTE DA BUCHA #1/4"" (021103756)";CHAPAS;UN;0;0
1856;"SUPORTE DA ROLDANA #3/16"" (021104357)";CHAPAS;UN;0;0
1857;"SUPORTE DA ROLDANA GRAVITON #3/16"" (021104378)";CHAPAS;UN;0;0
1868;"TOP DO ROLETE 25 #1/8"" (021103770)";CHAPAS;UN;0;0
1870;"TRAVA BARRA GUIADA #1/4"" (021101176)";CHAPAS;UN;0;0
1871;"TRAVA BARRA TRIÂNGULO #3/16"" (021102635)";CHAPAS;UN;0;0
1873;"CH. TRAVA DA ALAVANCA #1/4"" (021104331)";CHAPAS;UN;0;0
1874;"TRAVA DA CHAPA DO MANCAL #1/4"" (021104636)";CHAPAS;UN;0;0
1875;"TRAVA DO BRAÇO #1/4"" (021104202)";CHAPAS;UN;0;0
1876;"TRAVA DO FREIO #1/4"" (021104001)";CHAPAS;UN;0;0
1879;"TRAVA DO SUPORTE HALTERES #3/16"" (021104046)";CHAPAS;UN;0;0
1880;"V DA BARRA TRIANGULO #3/16"" (021102636)";CHAPAS;UN;0;0
1892;TAMPA PARA TUBO 2'' #2,0 (021101196);CHAPAS;UN;0;0
1894;TAMPA PARA TUBO 4'' #2,00 (021101194);CHAPAS;UN;0;0
1896;COLUNA TRASEIRA LC50/LC70 (ALUMÍNIO) (021105001);CHAPAS;UN;0;0
1897;COLUNA DIANTEIRA LC 50 (ALUMÍNIO) (021108822);CHAPAS;UN;0;0
1898;COLUNA DIANTEIRA LC 30 (ALUMÍNIO) (021105003);CHAPAS;UN;0;0
1899;COLUNA TRASEIRA LC 30 (ALUMÍNIO) (021105002);CHAPAS;UN;0;0
1912;SUPORTE DE PAREDE (LC 20/30/40/50/70/100);CONJUNTOS E SUBCONJUNTOS;UN;0;0
1930;CHAPA ASSENTO PADRÃO #MDF 15MM (021104875);TAPEÇARIA;UN;0;0
2077;CONTRA PESO CROSSMITH LFS;CONJUNTOS E SUBCONJUNTOS;UN;0;0
2148;GUIA DE PESO INOX 2035 MM;TUBOS;UN;0;0
2149;GUIA DE PESO INOX 2100 MM ;TUBOS;UN;0;0
2152;GUIA DE PESO INOX 1260 MM;TUBOS;UN;0;0
2157;RÉGUA PESO DE FERRO COM REGULAGEM (021105188);USINADOS;UN;0;0
2159;CORPO BANCO FIXO GII (021105192);TUBOS;UN;0;0
2164;MÃO FRANCESA DO AGACHAMENTO ESQUERDA (021105202);TUBOS;UN;0;0
2165;ALAVANCA DO STOP (021101574);USINADOS;UN;0;0
2166;ALAVANCA DO STOP (021102261);USINADOS;UN;0;0
2167;BRAÇO DE REGULAGEM DO ROLETE 215MM (021102108);USINADOS;UN;0;0
2168;BUCHA 48 (021102669);USINADOS;UN;0;0
2169;BUCHA 293MM (021104107);USINADOS;UN;0;0
2170;BUCHA 32MM (021102224);USINADOS;UN;0;0
2171;BUCHA 365MM (021104108);USINADOS;UN;0;0
2174;BUCHA 44MM (021100361);USINADOS;UN;0;0
2175;BUCHA 48MM (021102248);USINADOS;UN;0;0
2176;BUCHA 60MM (021101263);USINADOS;UN;0;0
2176;BUCHA 60MM (021101263);USINADOS;UN;0;0
2177;BUCHA 68MM (021100195);USINADOS;UN;0;0
2177;BUCHA 68MM (021100195);USINADOS;UN;0;0
2178;BUCHA 80MM (021101590);USINADOS;UN;0;0
2178;BUCHA 80MM (021101590);USINADOS;UN;0;0
2180;BUCHA 88MM (021104615);USINADOS;UN;0;0
2180;BUCHA 88MM (021104615);USINADOS;UN;0;0
2181;BUCHA ACABAMENTO SMITH (021101318);USINADOS;UN;0;0
2182;BUCHA BARRA DAS ANILHAS (021100973);USINADOS;UN;0;0
2183;BUCHA BRAÇO ELEV. LAT. (021100782);USINADOS;UN;0;0
2185;BUCHA CONDUITE MÓVEL (021101387);USINADOS;UN;0;0
2186;BUCHA DA ALAVANCA DO STOP (021102259);USINADOS;UN;0;0
2187;BUCHA DA ALAVANCA PECK DECK (021100771);USINADOS;UN;0;0
2188;BUCHA 50MM (021101216);USINADOS;UN;0;0
2189;BUCHA DA ALÇA (021100851);USINADOS;UN;0;0
2191;BUCHA DA CAMA DO IMÃ (021103003);USINADOS;UN;0;0
2192;BUCHA DA CHAPA DA ARTIC. (021102376);USINADOS;UN;0;0
2193;BUCHA DA CHAPA DA EXCÊNTRICA (021101002);USINADOS;UN;0;0
2193;BUCHA DA CHAPA DA EXCÊNTRICA (021101002);USINADOS;UN;0;0
2196;BUCHA DA PERNA DO ADUTOR (021101289);USINADOS;UN;0;0
2200;BUCHA DE REGULAGEM 90MM (021102464);USINADOS;UN;0;0
2203;BUCHA DESENV.OMBRO 165MM (021101259);USINADOS;UN;0;0
2204;BUCHA DESENV.OMBRO 200MM (021101179);USINADOS;UN;0;0
2206;BUCHA DISCO EXCÊNTRICO (021101224);USINADOS;UN;0;0
2208;BUCHA DO ANILHEIRO (021102062);USINADOS;UN;0;0
2209;BUCHA DO BRAÇO ARTICULADO (021101144);USINADOS;UN;0;0
2210;BUCHA DO BRAÇO FLEX. SENT. (021102069);USINADOS;UN;0;0
2211;BUCHA DO CARRETEL (021102253) ;USINADOS;UN;0;0
2212;BUCHA DO DISCO DE REGULAGEM (021101379);USINADOS;UN;0;0
2214;BUCHA DO JACARÉ (021101296);USINADOS;UN;0;0
2215;BUCHA DO JOGO DE BARRAS AL (021103815);USINADOS;UN;0;0
2216;BUCHA DO MANETE (021100699);USINADOS;UN;0;0
2217;BUCHA DO MANIPLO (021102893);USINADOS;UN;0;0
2217;BUCHA DO MANIPLO (021102893);USINADOS;UN;0;0
2218;BUCHA DO SUPORTE DE ANILHAS (021101690);USINADOS;UN;0;0
2219;BUCHA DO SUPORTE DE BANCO (021100634);USINADOS;UN;0;0
2221;BUCHA DO VARÃO DO FREIO SPINNIG (021102584);USINADOS;UN;0;0
2222;BUCHA EIXO ARTIC. DO BRAÇO (021100875);USINADOS;UN;0;0
2223;BUCHA EXTENSORA 25MM (021102152);USINADOS;UN;0;0
2224;BUCHA EXTENSORA 90MM (021102260);USINADOS;UN;0;0
2225;BUCHA FLAUTA CONDUÍTE MÓVEL (021100691);USINADOS;UN;0;0
2226;BUCHA M10 (021101411);USINADOS;UN;0;0
2226;BUCHA M10 (021101411);USINADOS;UN;0;0
2229;BUCHA MENOR DA EXCÊNTRICA (021104497);USINADOS;UN;0;0
2231;BUCHA Ø25x70 (021102821);USINADOS;UN;0;0
2232;BUCHA P/ DOBRADIÇA (021101370);USINADOS;UN;0;0
2233;BUCHA PANTURRILHA BURRINHO (021101453);USINADOS;UN;0;0
2235;BUCHA PP. DO MACAQUINHO (021101269);USINADOS;UN;0;0
2238;CALÇO DA ROLDANA (021101265);USINADOS;UN;0;0
2239;CALÇO DE ROLDANA MAIOR (021100560);USINADOS;UN;0;0
2240;EIXO 135MM (021101384);USINADOS;UN;0;0
2240;EIXO 135MM (021101384);USINADOS;UN;0;0
2242;EIXO 230MM (021101948);USINADOS;UN;0;0
2245;EIXO 66MM (021103232);USINADOS;UN;0;0
2246;EIXO 68MM (021101311);USINADOS;UN;0;0
2248;EIXO 76MM (021100366);USINADOS;UN;0;0
2249;EIXO 81MM (021101448);USINADOS;UN;0;0
2250;EIXO 86MM (021101456);USINADOS;UN;0;0
2251;BUCHA 90MM (021101435);USINADOS;UN;0;0
2252;EIXO 90MM (ALM. I/II) (021102013);USINADOS;UN;0;0
2253;EIXO 90MM ROSCA DE UM LADO (021102155);USINADOS;UN;0;0
2257;EIXO BATENTE DISCO EXCÊNTRICO (ALM. I/II) (021101274);USINADOS;UN;0;0
2257;EIXO BATENTE DISCO EXCÊNTRICO (ALM. I/II) (021101274);USINADOS;UN;0;0
2258;EIXO TRAVA DO JACARÉ (021101414);USINADOS;UN;0;0
2260;EIXO DA DOBRADIÇA DA FLEXORA (021101366);USINADOS;UN;0;0
2262;EIXO DA EXCÊNTRICA P/ RAPID FIRE (021100066);USINADOS;UN;0;0
2265;EIXO DA PEGADA (021100497);USINADOS;UN;0;0
2266;EIXO DA PERNA DO ADUTOR (021101288);USINADOS;UN;0;0
2267;EIXO 240MM (021100390);USINADOS;UN;0;0
2267;EIXO 240MM (021100390);USINADOS;UN;0;0
2268;EIXO DA ROLDANA DO ABDUTOR (021101596);USINADOS;UN;0;0
2270;EIXO DE EXTENSORA 115MM (021102206);USINADOS;UN;0;0
2271;EIXO DE EXTENSORA 95MM (021102154);USINADOS;UN;0;0
2274;EIXO DE REGULAGEM AD.ABD.CONJ. (021101378);USINADOS;UN;0;0
2275;EIXO DO BATENTE SMART (021104588);USINADOS;UN;0;0
2276;EIXO DO BRAÇO (021100615);USINADOS;UN;0;0
2277;EIXO DO BRAÇO (021102240);USINADOS;UN;0;0
2278;EIXO DO BRAÇO ARTICULADO (021101068);USINADOS;UN;0;0
2287;EIXO MEIO DA ALAVANCA CONV. (021101342);USINADOS;UN;0;0
2288;EIXO MENOR DA EXCÊNTRICA (021104498);USINADOS;UN;0;0
2289;EIXO MENOR DE REGULAGEM (021101262);USINADOS;UN;0;0
2290;EIXO 110MM (021101450);USINADOS;UN;0;0
2293;EIXO PROLONGADOR (021101376);USINADOS;UN;0;0
2294;EIXO REGUL. ENCOSTO OMBRO (021101416);USINADOS;UN;0;0
2295;EIXO REMADA CONVERGENTE (021101423);USINADOS;UN;0;0
2296;EIXO ROSCADO (021102119);USINADOS;UN;0;0
2297;EIXO SUPERIOR DO BRAÇO ART. (021102339);USINADOS;UN;0;0
2298;EIXO TRAS. DA PLATAFORMA (021102428);USINADOS;UN;0;0
2299;HASTE DO FREIO LF-480 (021102583);USINADOS;UN;0;0
2301;MANCAL CENTRAL LF 480 (021102344);USINADOS;UN;0;0
2302;MANCAL SUPERIOR DO BRAÇO ARTICULADO (021102266);USINADOS;UN;0;0
2303;MANCAL TRASEIRO DA PLATAFORMA (021101153);USINADOS;UN;0;0
2307;BUCHA SUBST. DE ROLAMENTO 6005 (021101304);USINADOS;UN;0;0
2308;SUPORTE DE ACESSÓRIOS (021102729);USINADOS;UN;0;0
2311;TUBO DAS PEGADAS 30mm (021102512);USINADOS;UN;0;0
2315;CANOTE DO BANCO LF-480 INOX;CONJUNTOS E SUBCONJUNTOS;UN;0;0
2316;CARRINHO DO CANOTE LF-480/300/AIR BIKE INOX;CONJUNTOS E SUBCONJUNTOS;UN;0;0
2317;GUIDÃO LF-480 INOX;CONJUNTOS E SUBCONJUNTOS;UN;0;0
2376;CANOTE DO BANCO INOX COMPLETO LF-480;CONJUNTOS E SUBCONJUNTOS;UN;0;0
2381;TRAVESSA DOB. DA PRANCHA (021105390);TUBOS;UN;0;0
2382;MÃO FRANCESA DO SUPORTE (021105391);TUBOS;UN;0;0
2384;MÃO FRANCESA DO GAIOLA ESQUERDA (021105392);TUBOS;UN;0;0
2392;EIXO DIANTEIRO DO ROLO X-3 GT (021105419);USINADOS;UN;0;0
2423;EIXO DIANTEIRO DO ROLO X-4 GT (021105443);USINADOS;UN;0;0
2439;PINO CONICO DO EIXO INOX (021105495);USINADOS;UN;0;0
2460;ROLETE DIANTEIRO COMPLETO X-3;CONJUNTOS E SUBCONJUNTOS;UN;0;0
2461;ROLETE DIANTEIRO COMPLETO X-4/X-4 GT;CONJUNTOS E SUBCONJUNTOS;UN;0;0
2487;CHAPA DA PÁ HÉLICE 900MM #1,20MM INOX (021105662);CHAPAS;UN;0;0
2489;CHAPA SUPORTE DAS PÁS #3,00MM (INOX) (021105664);CHAPAS;UN;0;0
2490;CHAPA SUPORTE DO MOTOR #4,00MM INOX (021105665);CHAPAS;UN;0;0
2491;HÉLICE MONTADA 1090MM INOX LION (CH. 241X455MM);CONJUNTOS E SUBCONJUNTOS;UN;0;0
2492;HÉLICE MONTADA 900MM INOX LION (CH. 191X361MM);CHAPAS;UN;0;0
2499;SUPORTE DO MOTOR LC 50/70 INOX;TUBOS;UN;0;0
2500;MOLDURA ALUMÍNIO LC 50;CHAPAS;UN;0;0
2507;ARGOLA PARA TRANSPORTE (021105699);CONJUNTOS E SUBCONJUNTOS;UN;0;0
2552;TUBO DA BASE DE PESO LFR (021105763);TUBOS;UN;0;0
2553;ORELHA MENOR CARENAGEM LFR #1/8'' (021105768);ORELHAS;UN;0;0
2632;EIXO SUSTENTAÇÃO ANILHAS 700MM (021106029);USINADOS;UN;0;0
2649;ORELHA MAIOR CARENAGEM LFR (021106058);ORELHAS;UN;0;0
2663;ARRUELA ACABAMENTO ALUMINIO (021105596);USINADOS;UN;0;0
2663;ARRUELA ACABAMENTO ALUMINIO (021105596);USINADOS;UN;0;0
2669;ARRUELA STOP DA BUCHA (021105551);USINADOS;UN;0;0
2671;BATENTE PP DE Ø80 (021105504);USINADOS;UN;0;0
2672;BUCHA 110MM (021105784);USINADOS;UN;0;0
2676;BUCHA 250MM (021106031);USINADOS;UN;0;0
2679;BUCHA 30MM DA EXCENTRICA (021105167);USINADOS;UN;0;0
2680;BUCHA 35MM (021103474);USINADOS;UN;0;0
2681;BUCHA 430MM (021105705);USINADOS;UN;0;0
2682;BUCHA 50MM DO DISCO (021105079);USINADOS;UN;0;0
2684;BUCHA DA ALAVANCA (021105981);USINADOS;UN;0;0
2686;BUCHA DA BARRA GUIADA (021100079);USINADOS;UN;0;0
2689;BUCHA DA FLAUTA 80MM (021105954);USINADOS;UN;0;0
2690;BUCHA DA PEGADA (021106042);USINADOS;UN;0;0
2699;BUCHA DO BRAÇO TRICEPS PARALELO (021105931);USINADOS;UN;0;0
2700;BUCHA DO CARRINHO CROSSMITH (021104493);USINADOS;UN;0;0
2702;BUCHA DO MANIPLO M20 INOX (021105218);USINADOS;UN;0;0
2705;BUCHA DO SUPORTE DE ANILHAS (021104680);USINADOS;UN;0;0
2706;BUCHA DO TUBO DO ROLETE (021104513);USINADOS;UN;0;0
2711;BUCHA MAIOR DO MANETE (021105853);USINADOS;UN;0;0
2714;BUCHA DE PP DA PEGADA (021101437);USINADOS;UN;0;0
2715;BUCHA DO ANILHEIRO OLIMPICO (021104584);USINADOS;UN;0;0
2716;BUCHA DO FREIO DO LEG (021104695);USINADOS;UN;0;0
2718;BUCHA PEGADA DO ESTRIBO (021105553);USINADOS;UN;0;0
2719;BUCHA PP DA EXTENSORA (021102153);USINADOS;UN;0;0
2720;BUCHA PP DAS BARRAS (021104351);USINADOS;UN;0;0
2726;BUCHA PP DO ROLETE (021105420);USINADOS;UN;0;0
2728;BUCHA PP DO TUBO PISANTE DO GLÚTEO (021102094);USINADOS;UN;0;0
2729;BUCHA PP FREIO DO AGACH. (021105493);USINADOS;UN;0;0
2730;BUCHA PP ISOLANTE ROLETE TRASEIRO(021105421);USINADOS;UN;0;0
2731;BUCHA PP MAIOR DO BRAÇO (021104399);USINADOS;UN;0;0
2736;BUCHA PP. SMITH MACHINE (021101281);USINADOS;UN;0;0
2737;BUCHA REFORÇO DO BRAÇO (021105932);USINADOS;UN;0;0
2741;BUCHA TRAPEZOIDAL DO FLEXOR SENT. (021104529);USINADOS;UN;0;0
2744;CALÇO DA RODA DE INÉRCIA (021105368);USINADOS;UN;0;0
2745;CALÇO DA ROLDANA MENOR (021100558);USINADOS;UN;0;0
2745;CALÇO DA ROLDANA MENOR (021100558);USINADOS;UN;0;0
2746;CALÇO DE ROLDANA 36MM (021105137);USINADOS;UN;0;0
2748;CALÇO DO EIXO 13MM (021105709) ZINCADO ;USINADOS;UN;0;0
2749;CALÇO DO EIXO 4MM (021105710) ZINCADO;USINADOS;UN;0;0
2749;CALÇO DO EIXO 4MM (021105710) ZINCADO;USINADOS;UN;0;0
2750;CALÇO DO EIXO MAIOR 4MM (021105856) (ZINCADO);USINADOS;UN;0;0
2750;CALÇO DO EIXO MAIOR 4MM (021105856) (ZINCADO);USINADOS;UN;0;0
2752;CALÇO DO ROLAMENTO (021105552);USINADOS;UN;0;0
2752;CALÇO DO ROLAMENTO (021105552);USINADOS;UN;0;0
2757;CARRETEL DO CARRINHO (021100472);USINADOS;UN;0;0
2758;CARRETEL DO CROSS OVER (021104837);USINADOS;UN;0;0
2760;CH. DO PAINEL LF-300/400 2017 #2,00 (021105672);CHAPAS;UN;0;0
2762;"CH. DOBRADA APOIO DE OMBRO #5/16"" (021105456)";CHAPAS;UN;0;0
2763;"CH. SUP. DA CAMA DO IMA 140MM #1/4"" (021104416)";CHAPAS;UN;0;0
2781;"CHAPA APOIO DE OMBRO AGACH. #3/16"" (021105704)";CHAPAS;UN;0;0
2784;"CHAPA APOIO DO MANCAL #1/4"" (021105904)";CHAPAS;UN;0;0
2788;"CHAPA ARTICULAÇÃO DA PEGADA #5/16"" (021105666)";CHAPAS;UN;0;0
2789;"CHAPA ARTICULAÇÃO DA TRAVA #1/4"" (021106013)";CHAPAS;UN;0;0
2790;"CHAPA ARTICULAÇÃO DO BANCO #1/4"" (021105174)";CHAPAS;UN;0;0
2793;"CHAPA BATENTE DA EXCENTRICA LFR #1/4"" (021105760)";CHAPAS;UN;0;0
2798;"CHAPA CONEXÃO 140MM #1/4"" (021105500)";CHAPAS;UN;0;0
2805;"CHAPA CONEXÃO DA TRAVESSA #1/4"" (021105787)";CHAPAS;UN;0;0
2810;"CHAPA DA EXCENTRICA LFR #1/4"" (021105761)";CHAPAS;UN;0;0
2821;"CHAPA DA SAPATA 2 1/2"" #3/16"" (021106050)";CHAPAS;UN;0;0
2824;"CHAPA DA TRAVA DO BANCO #3/16"" (021105173)";CHAPAS;UN;0;0
2831;"CHAPA DE ARTICULAÇÃO LF-R #1/4"" (021105948)";CHAPAS;UN;0;0
2840;"CHAPA DE REG. DA CANTONEIRA DIR. #1/4"" (021104844)";CHAPAS;UN;0;0
2841;"CHAPA DO PISANTE LF-200 #3/16"" (021105394)";CHAPAS;UN;0;0
2858;"CHAPA DO MANCAL ARTICULADO #1/4"" (021106010)";CHAPAS;UN;0;0
2866;"CHAPA DO MANCAL DA TORRE #1/4"" (021105189)";CHAPAS;UN;0;0
2867;"CHAPA DOBRADA DO APOIO #1/4"" (021105949)";CHAPAS;UN;0;0
2869;"CHAPA DO MANCAL LF-R #1/4"" (021105945)";CHAPAS;UN;0;0
2870;"CHAPA EIXO DO FREIO #1/4"" (021106015)";CHAPAS;UN;0;0
2873;"CHAPA DO MANCAL SUPERIOR LF-R #1/4"" (021105946)";CHAPAS;UN;0;0
2884;"CHAPA FREIO DA PANTURRILHA #1/4"" (021106009)";CHAPAS;UN;0;0
2885;"CHAPA FRONTAL AGACHAMENTO #1/4"" (021105878)";CHAPAS;UN;0;0
2886;EIXO 140MM (021105986);USINADOS;UN;0;0
2886;EIXO 140MM (021105986);USINADOS;UN;0;0
2890;EIXO 200MM (021101310);USINADOS;UN;0;0
2895;EIXO 260MM (021105933);USINADOS;UN;0;0
2899;EIXO 250MM (021104223);USINADOS;UN;0;0
2902;EIXO 310MM DO FREIO (021105475);USINADOS;UN;0;0
2905;EIXO 58MM (021106016);USINADOS;UN;0;0
2909;EIXO ARTICULAÇÃO DA PEGADA (021105649);USINADOS;UN;0;0
2911;EIXO ARTICULAÇÃO DO FREIO (021106018);USINADOS;UN;0;0
2913;"CHAPA INFERIOR DA ROLDANA LF-R #3/16"" (021105790)";CHAPAS;UN;0;0
2920;"CHAPA SUPERIOR E INFERIOR DO GUIA #3/8"" (021105842)";CHAPAS;UN;0;0
2924;"CHAPA INFERIOR POLIA PRO #3/16"" (021105449)";CHAPAS;UN;0;0
2933;EIXO DA PEGADA PUXADA ALTA (021105550);USINADOS;UN;0;0
2938;"CHAPA NIKE LF-R #1/4"" (021105947)";CHAPAS;UN;0;0
2939;"CHAPA PEGADA DA PUXADA #3/16"" (021105430)";CHAPAS;UN;0;0
2946;EIXO 489MM (021105492);USINADOS;UN;0;0
2947;"CHAPA PISANTE DO FREIO #1/4"" (021105457)";CHAPAS;UN;0;0
2953;EIXO DE REGULAGEM DA EXTENSORA (021102150);USINADOS;UN;0;0
2957;"CHAPA REFORÇO DO MANCAL #1/4"" (021105974)";CHAPAS;UN;0;0
2958;EIXO DO BRAÇO 158MM (021105555);USINADOS;UN;0;0
2962;EIXO DO BRAÇO 260MM (021105533);USINADOS;UN;0;0
2965;"CHAPA SAPATA DOBRADA #5/16"" (021105667)";CHAPAS;UN;0;0
2967;EIXO DO BRAÇO DA REMADA (021105518);USINADOS;UN;0;0
2969;EIXO DO BRAÇO DESENV. (021105501);USINADOS;UN;0;0
2972;"CHAPA SUPERIOR DA ROLADANA LF-R #3/16"" (021105789)";CHAPAS;UN;0;0
2975;EIXO DO CUBO DA HELICE (021104763);USINADOS;UN;0;0
2976;"SUPERIOR DO GUIA LF-R #1/4"" (021105762)";CHAPAS;UN;0;0
2977;EIXO DO ESTICADOR (021105549);USINADOS;UN;0;0
2978;EIXO DO ESTRIBO (021105554);USINADOS;UN;0;0
2985;"CHAPA SUPERIOR POLIA PRO#3/16"" (021105448)";CHAPAS;UN;0;0
2986;"CHAPA SUPORTE DA FLAUTA #3/16"" (021104832)";CHAPAS;UN;0;0
2993;"CHAPA SUPORTE DO ENCOSTO #1/4"" (021105452)";CHAPAS;UN;0;0
2994;EIXO FREIO DA PANTURRILHA (021106017);USINADOS;UN;0;0
2997;EIXO MAIOR 100MM (021105950);USINADOS;UN;0;0
2998;EIXO MAIOR 110MM (021105951);USINADOS;UN;0;0
2999;EIXO MAIOR 88MM (021105854);USINADOS;UN;0;0
3000;EIXO MAIOR DA ARTICULAÇÃO (021105855);USINADOS;UN;0;0
3001;EIXO MENOR DO FREIO (021105746);USINADOS;UN;0;0
3008;EIXO STOP DO FREIO (021106019);USINADOS;UN;0;0
3010;"CHAPA SUPORTE DO PISANTE #1/4"" (021105474)";CHAPAS;UN;0;0
3030;"CONEXÃO DO SUPINO GII #3/16"" (021104915)";CHAPAS;UN;0;0
3033;"ORELHA CONEXÃO OBLONGA 200MM #1/4"" (021105764)";ORELHAS;UN;0;0
3038;EIXO 100MM (021100742);USINADOS;UN;0;0
3040;EIXO 120MM (ALM. I/II) (021104203);USINADOS;UN;0;0
3043;MANCAL 120MM (021105624);USINADOS;UN;0;0
3044;MANCAL 165MM (021105635);USINADOS;UN;0;0
3049;MANCAL 50MM (021105852);USINADOS;UN;0;0
3049;MANCAL 50MM (021105852);USINADOS;UN;0;0
3049;MANCAL 50MM (021105852);USINADOS;UN;0;0
3049;MANCAL 50MM (021105852);USINADOS;UN;0;0
3051;MANCAL 70MM (021105905);USINADOS;UN;0;0
3052;MANCAL 80MM (021105850);USINADOS;UN;0;0
3053;MANCAL 90MM (021105930);USINADOS;UN;0;0
3054;MANCAL CENTRAL LF 200 (021102244);USINADOS;UN;0;0
3058;"MÃO FRANCESA APOIO DE PEITO #1/4"" (021105647)";MÃO FRANCESA;UN;0;0
3063;"MÃO FRANCESA DA CURVA #1/4"" (021106007)";MÃO FRANCESA;UN;0;0
3064;"MÃO FRANCESA DES. OMBROS #1/4"" (021105502)";MÃO FRANCESA;UN;0;0
3065;"MÃO FRANCESA DO BANCO FIXO GII #3/16"" (021105190)";MÃO FRANCESA;UN;0;0
3068;"MÃO FRANCESA DO CONDUITE #3/16"" (021105984)";MÃO FRANCESA;UN;0;0
3069;"MÃO FRANCESA DO CRUCIFIXO #3/16"" (021105869)";MÃO FRANCESA;UN;0;0
3070;"MÃO FRANCESA DO HACK #1/4"" (021105212)";MÃO FRANCESA;UN;0;0
3071;"MÃO FRANCESA DO LOMBAR #3/16"" (021104977)";MÃO FRANCESA;UN;0;0
3074;"MÃO FRANCESA REMADA SENTADA #1/4"" (021105520)";MÃO FRANCESA;UN;0;0
3075;"MÃO FRANCESA ROSCA SCOTT #3/16"" (021105204)";MÃO FRANCESA;UN;0;0
3076;"MÃO FRANCESA SUPINO DECLINADO #1/4"" (021105548)";MÃO FRANCESA;UN;0;0
3077;"MÃO FRANCESA SUPINO INCLINADO #1/4"" (021105534)";MÃO FRANCESA;UN;0;0
3079;"MÃO FRANCESA TORRE DECLINADO #1/4"" (021105677)";MÃO FRANCESA;UN;0;0
3080;"SUPORTE DE ROLDANA #3/16"" (021101319)";CHAPAS;UN;0;0
3081;"MÃO FRANCESA TORRE DES. #1/4"" (021105503)";MÃO FRANCESA;UN;0;0
3082;"MÃO FRANCESA TORRE DO SUPINO #1/4"" (021105641)";MÃO FRANCESA;UN;0;0
3083;"SUPORTE DE ROLDANA #3/16"" (021104152)";CHAPAS;UN;0;0
3084;"SUPORTE DO APOIO DA PERNA #1/4"" (021105771)";CHAPAS;UN;0;0
3086;"SUPORTE DO APOIO DA PERNA LFR #1/4"" (021105772)";CHAPAS;UN;0;0
3087;"ORELHA CONEXÃO Ø3"" #3/16"" (021105701)";ORELHAS;UN;0;0
3091;"ORELHA DA ARTICULAÇÃO #1/4"" (021105642)";ORELHAS;UN;0;0
3097;"ORELHA DA TRAVA DO BANCO #3/16"" (021105175)";ORELHAS;UN;0;0
3099;"ORELHA DE REG. DA CANTONEIRA #1/4"" (021104845)";ORELHAS;UN;0;0
3101;"SUPORTE DO HALTERES #3/16"" (021104047)";CHAPAS;UN;0;0
3103;"ORELHA DO CONTRA PESO #3/16"" (021105507)";ORELHAS;UN;0;0
3106;"ORELHA DOBRADA DA ARTICULAÇÃO #1/4"" (021105643)";ORELHAS;UN;0;0
3107;"ORELHA DOBRADA DO BRAÇO LF-200 #3/16"" (021105163)";CHAPAS;UN;0;0
3113;"ORELHA EXTENSOR UNILATERAL #1/4"" (021105903)";ORELHAS;UN;0;0
3114;"ORELHA MAIOR DA FLAUTA #3/16"" (021105952)";ORELHAS;UN;0;0
3115;"ORELHA MENOR DA PANTURRILHA #3/16"" (021105225)";ORELHAS;UN;0;0
3116;"ORELHA Ø3"" DO CONTRA PESO #3/16"" (021105660)";ORELHAS;UN;0;0
3117;"ORELHA OBLONGA 160MM #1/4"" (021105450)";ORELHAS;UN;0;0
3118;"ORELHA REFORÇO DO ROLETE #1/4"" (021106025)";ORELHAS;UN;0;0
3119;"ORELHA SUP. DA PANTURRILHA #3/16"" (021105953)";ORELHAS;UN;0;0
3121;"ORELHA TRASEIRA DO EIXO #3/8"" (021105702)";ORELHAS;UN;0;0
3123;"ORELHA TRAVA DO BANCO #1/4"" (021105327)";ORELHAS;UN;0;0
3124;"ORELHA TRAVA DO FREIO #1/4"" (021105453)";ORELHAS;UN;0;0
3133;BUCHA PEGADA DO AGACHAMENTO (021100019);USINADOS;UN;0;0
3134;PINO DA ALAVANCA (021104075);USINADOS;UN;0;0
3136;PINO DE FIXAÇÃO DO PAINEL (021105651);USINADOS;UN;0;0
3138;PINO FEMEA DA TRAVA (021104773);USINADOS;UN;0;0
3139;PINO MACHO DA TRAVA (021104772);USINADOS;UN;0;0
3145;PONTEIRA EXTERNA DE ALUMINIO (021105302);USINADOS;UN;0;0
3152;REBITE M8 (021101409);USINADOS;UN;0;0
3152;REBITE M8 (021101409);USINADOS;UN;0;0
3153;"REFORÇO CHAPA INFERIOR #3/16"" (021101228)";CHAPAS;UN;0;0
3155;"REFORÇO DA BARBATANA #5/16"" (021101236)";CHAPAS;UN;0;0
3161;"REFORÇO MENOR DA BARBATANA #5/16"" (021104499)";CHAPAS;UN;0;0
3172;ROLDANA DO APOLETE (021102840);USINADOS;UN;0;0
3173;ROLDANA ESPECIAL 110MM (021100819);USINADOS;UN;0;0
3174;ROLDANA ESPECIAL 70MM (021105773);USINADOS;UN;0;0
3175;ROLDANA ESPECIAL 90MM (021101337);USINADOS;UN;0;0
3175;ROLDANA ESPECIAL 90MM (021101337);USINADOS;UN;0;0
3176;"SUPORTE DA PEGADA #1/4"" (021105571)";CHAPAS;UN;0;0
3181;"TRAVA DO BRAÇO #3/8"" (021105703)";CHAPAS;UN;0;0
3185;TRAVA DO ROLETE (021104514);USINADOS;UN;0;0
3186;"TRAVA MAIOR DA BARRA GUIADA #1/4"" (021105023)";CHAPAS;UN;0;0
3189;TREFILADO RECARTILHADO INOX (021105219);USINADOS;UN;0;0
3344;MOLDURA ALUMÍNIO LC 30/40/100 (021106126);CHAPAS;UN;0;0
3381;FLAUTA 400MM INOX (021106145);TUBOS;UN;0;0
3382;FLAUTA 550MM INOX (021106147);TUBOS;UN;0;0
3383;FLAUTA 835MM INOX DO APOLETE (021106149);TUBOS;UN;0;0
3385;FLAUTA 2055MM 18 FUROS INOX (021106148);TUBOS;UN;0;0
3389;"TRAVESSA DA ARTICULAÇÃO DIR. Ø3""x#3,00 1720mm (021105694)";TUBOS;UN;0;0
3390;TRAVESSA DA BASE (021105693);TUBOS;UN;0;0
3391;MÃO FRANCESA DO ANILHEIRO (021105690);TUBOS;UN;0;0
3392;ALAVANCA DO FREIO (021105473);TUBOS;UN;0;0
3406;SUPORTE DO CONDUÍTE DO GUIDÃO (021103052);TUBOS;UN;0;0
3418;TRAVA DA TORRE LF-R (021105778);TUBOS;UN;0;0
3419;TRAVA SUPERIOR DA TORRE LF-R (021106157);TUBOS;UN;0;0
3420;TRAVA SUP. RECORTE LF-R (021106158);TUBOS;UN;0;0
3421;TRAVA SUP. FURO LF-R (021106159);TUBOS;UN;0;0
3422;TRAVA INF. RECORTE LF-R (021106160);TUBOS;UN;0;0
3425;TUBO REDONDO 960 DO GUIDÃO (021103051);TUBOS;UN;0;0
3426;TUBO REDONDO 323mm (021103057);TUBOS;UN;0;0
3436;CAR. PADRÃO LF-R C/ FURO (021106181);CHAPAS;UN;0;0
3599;ARGOLA DE ALUMÍNIO (021104356);USINADOS;UN;0;0
3599;ARGOLA DE ALUMÍNIO (021104356);USINADOS;UN;0;0
3624;"MÃO FRANCESA PUXADA ALTA # 1/4"" (021105569)";MÃO FRANCESA;UN;0;0
3639;EIXO 275MM (021106069);USINADOS;UN;0;0
3640;EIXO BRAÇO DA REMADA (021106070);USINADOS;UN;0;0
3641;CHAPA DO INVERSOR LB 40/26/18 (021106082);CHAPAS;UN;0;0
3642;BUCHA 140MM (021106085);USINADOS;UN;0;0
3643;EIXO MAIOR DA EXCENTRICA (021106086);USINADOS;UN;0;0
3644;"ORELHA EIXO DO BRAÇO #3/16"" (021106103)";ORELHAS;UN;0;0
3645;"CHAPA DE ROLDANA TRAVA CABO #3/16"" (021106102)";CHAPAS;UN;0;0
3646;EIXO 438MM (021106105);USINADOS;UN;0;0
3647;"CHAPA DO AGACHAMENTO SISSY #3/16"" (021106122)";CHAPAS;UN;0;0
3649;EIXO 296MM (021106133);USINADOS;UN;0;0
3650;GUIA DO BANCO INOX (021106134);USINADOS;UN;0;0
3651;"ORELHA COM RELÓGIO #1/4"" (021106142)";ORELHAS;UN;0;0
3652;"ORELHA BASE DA ARTICULAÇÃO #1/4"" (021106136)";ORELHAS;UN;0;0
3655;"ORELHA DO CARRINHO #1/4"" (021106137)";ORELHAS;UN;0;0
3656;"CHAPA CARRINHO DO SUPINO #3/16"" (021106139)";CHAPAS;UN;0;0
3657;"CHAPA ART. DO ENCOSTO #1/4"" (021106135)";CHAPAS;UN;0;0
3659;BUCHA PP GUIA DO SUPINO (021106150);USINADOS;UN;0;0
3660;"ORELHA CENTRAL DO BANCO #1/4"" (021106138)";ORELHAS;UN;0;0
3662;EIXO INFERIOR DA ROLDANA (021106171);USINADOS;UN;0;0
3664;"CHAPA ROLDANA INTERNA #1/8"" (021106173)";CHAPAS;UN;0;0
3668;"MÃO FRANCESA DO CONDUITE #1/4"" (021106194)";MÃO FRANCESA;UN;0;0
3669;"ARRUELA BATENTE DO APOIO #3/16"" (021106199)";CHAPAS;UN;0;0
3670;BUCHA PP APOIO DE PERNA (021106200);USINADOS;UN;0;0
3671;"CHAPA DO TRAVA CABO #3/16"" (021106201)";CHAPAS;UN;0;0
3672;CHAPA DO GUIA CROSSMITH #5/16 (021106211);CHAPAS;UN;0;0
3674;"CHAPA CENTRAL DO CROSSMITH #3/16"" (021106212)";CHAPAS;UN;0;0
3678;BUCHA BASE DO MOTOR (021106219);USINADOS;UN;0;0
3679;PONTEIRA DO ANILHEIRO OLIMP.(021106232);USINADOS;UN;0;0
3687;TAMPA 98x50 #2,00 (021106241);CHAPAS;UN;0;0
3688;CAR. PADRÃO PRÓ C/ FURO (021105275);CHAPAS;UN;0;0
3691;CAR. PADRÃO PRÓ S/ FURO (021105276);CHAPAS;UN;0;0
3694;"CHAPA REFORÇO DA BARBATANA #1/4"" (021106242)";CHAPAS;UN;0;0
3695;CAR. TRAS. PADRÃO LF-R S/ FURO (021106187);CHAPAS;UN;0;0
3696;CAR. MÉDIA LF-R S/ FURO (021106189);CHAPAS;UN;0;0
3697;CAR. TRAS. GRANDE LF-R S/ FURO (021106190);CHAPAS;UN;0;0
3727;BRAÇO SUPERIOR ESQUERDO (021105185);TUBOS;UN;0;0
3803;"ORELHA TRAVA DO PISANTE #1/4"" (021106267)";ORELHAS;UN;0;0
3811;BUCHA 140MM DA BARRA (021106278);USINADOS;UN;0;0
3825;"ORELHA DA BUCHA #1/4"" (021106293)";ORELHAS;UN;0;0
3832;BUCHA 22MM (021106299);USINADOS;UN;0;0
3839;BUCHA DO ANILHEIRO 600MM (021106300);USINADOS;UN;0;0
3860;BUCHA CARRETEL GRAVITON (021101636);USINADOS;UN;0;0
3861;BUCHA DO CARRETEL (021100588);USINADOS;UN;0;0
3872;"CHAPA REFORÇO DA TORRE #1/4"" (021106254)";CHAPAS;UN;0;0
3875;"ALAVANCA DO BANCO #3/16"" (021106338)";CHAPAS;UN;0;0
3876;"ORELHA DA ALAVANCA #1/8"" (021106337)";ORELHAS;UN;0;0
3877;"CHAPA BASE DA ALAVANCA #1/4"" (021106336)";CHAPAS;UN;0;0
3878;"CHAPA APOIO DO LOMBAR #1/4"" (021106334)";CHAPAS;UN;0;0
3879;"CHAPA REFORÇO DO EIXO #1/4"" (021106333)";CHAPAS;UN;0;0
3880;"CHAPA RELOGIO DO BANCO #1/4"" (021106332)";CHAPAS;UN;0;0
3881;"CHAPA SUPERIOR MAIOR #1/4"" (021106330)";CHAPAS;UN;0;0
3882;"CHAPA SUPERIOR MENOR #1/4"" (021106331)";CHAPAS;UN;0;0
3883;"CHAPA INFERIOR DA HASTE #1/4"" (021106329)";CHAPAS;UN;0;0
3884;"CHAPA INFERIOR FURADA #1/4"" (021106327)";CHAPAS;UN;0;0
3885;"CHAPA INFERIOR #1/4"" (021106328)";CHAPAS;UN;0;0
3887;EIXO DO BANCO (021106335);USINADOS;UN;0;0
3888;BUCHA DA HASTE (021106340);USINADOS;UN;0;0
3889;BUCHA PP DO BANCO (021106339);USINADOS;UN;0;0
3900;EIXO DE REGULAGEM ABDOMINAL (021106345);USINADOS;UN;0;0
3904;"CHAPA INF. CROSSMITH PRO #3/16"" (021106350)";CHAPAS;UN;0;0
3913;CHAPA DE PROTEÇÃO SEM FURO CH. INOX. (021106352);CHAPAS;UN;0;0
3927;"CHAPA TRAVA DA PUXADA #3/16"" (021106398)";CHAPAS;UN;0;0
3934;"CHAPA REFORÇO SUP. DA ROLDANA #3/16"" (021106390)";CHAPAS;UN;0;0
3936;"CHAPA UNIÃO MENOR #3/16"" (021106392)";CHAPAS;UN;0;0
3937;"CHAPA SUPORTE ROLDANA DO BRAÇO #3/16"" (021106393)";CHAPAS;UN;0;0
3938;"CHAPA REFORÇO DO EIXO #3/16"" (021106394)";CHAPAS;UN;0;0
3939;"ORELHA DOBRADA STATION #3/16"" (021106395)";ORELHAS;UN;0;0
3940;"ORELHA DO BRAÇO #3/16"" (021106396)";ORELHAS;UN;0;0
3941;"ORELHA DA BUCHA #3/16"" (021106397)";ORELHAS;UN;0;0
3942;"CHAPA ROLDANA DUPLA #3/16"" (021106399)";CHAPAS;UN;0;0
3945;"CHAPA SUPORTE DA BARRA #3/16"" (021106400)";CHAPAS;UN;0;0
3947;"ORELHA BATENTE DA PLATAFORMA #3/16"" (021106402)";ORELHAS;UN;0;0
3949;BUCHA DA PLATAFORMA (021106405);USINADOS;UN;0;0
3950;BUCHA 60MM (021106406);USINADOS;UN;0;0
3957;"CHAPA GUIA DA BUCHA MENOR #1/4"" (021106409)";CHAPAS;UN;0;0
3958;"CHAPA GUIA DA BARRA GUIADA #1/4"" (021106410)";CHAPAS;UN;0;0
3961;"CHAPA DO BATENTE MAIOR #3/16"" (021106411)";CHAPAS;UN;0;0
3964;PONTEIRA PP DE PROTEÇÃO (021106412);USINADOS;UN;0;0
3969;PONTEIRA PP DO ELIPTICO (021106222);USINADOS;UN;0;0
3970;CALÇO DO EIXO 8MM (021106415) ZINCADO;USINADOS;UN;0;0
3973;CHAPA DO APOIO DE PERNA #3/8'' (021104102);CHAPAS;UN;0;0
3975;FIO TERRA DO ROLETE;CONJUNTOS E SUBCONJUNTOS;UN;0;0
4007;BUCHA CONICA MENOR (021106431);USINADOS;UN;0;0
4010;TRAVA DA TORRE LF-R (021106240);TUBOS;UN;0;0
4011;CANOTE DO GUIDÃO LF-480 INOX (021108542);TUBOS;UN;0;0
4012;CAR. MULTI STATION (021106432);CHAPAS;UN;0;0
4018;BUCHA DO BANCO ABDOMINAL (021106326);USINADOS;UN;0;0
4024;"CHAPA BATENTE MAIOR DO BRAÇO #3/16"" (021106440)";CHAPAS;UN;0;0
4025;"TOP DA PEGADA #1/8"" (021106443)";CHAPAS;UN;0;0
4047;EIXO ROSCADO MAIOR (021106446);USINADOS;UN;0;0
4131;"CH. ""U"" LB 26/18 166X303X166 (021106459)";CHAPAS;UN;0;0
4132;"CH. ""U"" LB 40/26/18 166X606X166 (021106460)";CHAPAS;UN;0;0
4135;"CH. ""U"" LB 40/32/26 166X1201X166 (021106463)";CHAPAS;UN;0;0
4136;CH. 160MM 3 FUROS (021106465);CHAPAS;UN;0;0
4137;CH. 160MM 2 FUROS (021106464);CHAPAS;UN;0;0
4142;CH. L 151X43 - SENSOR (021106470);CHAPAS;UN;0;0
4148;CAR. PADRÃO IRIDIUM S/ FURO (021106572);CHAPAS;UN;0;0
4149;CAR. PADRÃO IRIDIUM C/ FURO (021106571);CHAPAS;UN;0;0
4157;CALÇO DO EIXO 6MM (021106485) ZINCADO;USINADOS;UN;0;0
4242;"CHAPA ARTICULAÇÃO DA PEGADA #1/4"" (021106500)";CHAPAS;UN;0;0
4248;"CHAPA SUPORTE DO FREIO #1/4"" (021106501)";CHAPAS;UN;0;0
4249;"CHAPA REFORÇO DO FREIO #1/4"" (021106499)";CHAPAS;UN;0;0
4251;"ORELHA MANCAL DO FREIO #1/4"" (021106497)";ORELHAS;UN;0;0
4253;"MÃO FRANCESA DO REFORÇO #1/4"" (021106495)";MÃO FRANCESA;UN;0;0
4254;"MÃO FRANCESA DO STOP #1/4"" (021106494)";MÃO FRANCESA;UN;0;0
4255;"ORELHA LEG ARTICULADO #3/8"" (021106492)";ORELHAS;UN;0;0
4256;"MÃO FRANCESA DO BRAÇO #1/4"" (021106493)";MÃO FRANCESA;UN;0;0
4257;"CHAPA TRAVA DA PLATAFORMA #5/16"" (021106491)";CHAPAS;UN;0;0
4258;"CHAPA GUIA DA PLATAFORMA #5/16"" (021106490)";CHAPAS;UN;0;0
4259;EIXO FREIO DO LEG (021106502);USINADOS;UN;0;0
4260;EIXO 120MM DO FREIO (021106505);USINADOS;UN;0;0
4261;EIXO 425MM (021106504);USINADOS;UN;0;0
4262;EIXO 60MM DA HASTE (021106503);USINADOS;UN;0;0
4273;"CHAPA SUPORTE DO ASSENTO #1/4"" (021106509)";CHAPAS;UN;0;0
4274;"CHAPA SUPORTE DA BUCHA #1/4"" (021106510)";CHAPAS;UN;0;0
4275;"CHAPA SUPORTE DA MOLA #1/4"" (021106511)";CHAPAS;UN;0;0
4276;"CHAPA DA ARTICULAÇÃO #1/4"" (021106512)";CHAPAS;UN;0;0
4287;EIXO DA MOLA GÁS (021106515);USINADOS;UN;0;0
4289;"CHAPA MAIOR SUP. DO ASSENTO #1/4"" (021106517)";CHAPAS;UN;0;0
4309;"CHAPA SUPORTE DAS BUCHAS #1/4"" (021106522)";CHAPAS;UN;0;0
4310;"CHAPA RELÓGIO DAS BUCHAS #1/4"" (021106523)";CHAPAS;UN;0;0
4311;"CHAPA ASSENTO TRIC. PARAL. #1/4"" (021106524)";CHAPAS;UN;0;0
4313;SUPORTE DE LUBRIFICAÇÃO DA ESTEIRA X-4/X-3 (021106525);CONJUNTOS E SUBCONJUNTOS;UN;0;0
4318;CH. L 125X43 - SENSOR (021106527);CHAPAS;UN;0;0
4319;CH. Z 30X111X30 (021106528);CHAPAS;UN;0;0
4338;BUCHA 100MM (021106562);USINADOS;UN;0;0
4338;BUCHA 100MM (021106562);USINADOS;UN;0;0
4339;EIXO CENTRAL DA ARTICULAÇÃO (021106539);USINADOS;UN;0;0
4340;EIXO ARTICULADO INFERIOR (021106538);USINADOS;UN;0;0
4341;EIXO DIANT. DA PLATAFORMA (021106537);USINADOS;UN;0;0
4346;"MÃO FRANCESA SUP. DO BRAÇO #3/16"" (021106531)";CHAPAS;UN;0;0
4347;"ORELHA INFERIOR DO BRAÇO #5/16"" (021106532)";CHAPAS;UN;0;0
4348;"MÃO FRANCESA APOIO DO PISANTE #3/16"" (021106533)";CHAPAS;UN;0;0
4349;"CHAPA PISANTE SIM. CAMINHADA #3/16"" (021106534)";CHAPAS;UN;0;0
4362;"CHAPA BASE DO CARRINHO GRAVITON #3/16"" (021106566)";CHAPAS;UN;0;0
4364;PISANTE DO CARRINHO #INOX 2,00 (021106567);CHAPAS;UN;0;0
4371;CHAPA DE INOX ADUTOR / ABDUTOR #INOX 2,00 (021106237);CHAPAS;UN;0;0
4372;CHAPA DE INOX APOLETE #INOX 2,00 (021106236);CHAPAS;UN;0;0
4374;CHAPA DE INOX DA CATRACA #INOX 2,00 (021104781);CHAPAS;UN;0;0
4375;CHAPA DE INOX DESENV. OMBRO LF-R #INOX 2,00 (021106257);CHAPAS;UN;0;0
4376;CHAPA DE INOX DIREITA PEITORAL #INOX 2,00 (021106239);CHAPAS;UN;0;0
4377;CHAPA DE INOX DISCO BASE #INOX 2,00 (021106235);CHAPAS;UN;0;0
4378;CHAPA DE INOX DO RELÓGIO #2,00 INOX (021105494);CHAPAS;UN;0;0
4379;CHAPA DE INOX ESQUERDA PEITORAL #INOX 2,00 (021106302);CHAPAS;UN;0;0
4380;CHAPA DE INOX FLEXOR EM PÉ #INOX 2,00 (021106238);CHAPAS;UN;0;0
4383;CHAPA INOX EXT.FLEX. SENTADO #INOX 2,00 (021106442);CHAPAS;UN;0;0
4384;CHAPA INOX EXTENSOR #INOX 2,00 (021106343);CHAPAS;UN;0;0
5384;TORRE LFR MODELO 1400MM (021105765);CHAPAS;UN;0;0
5385;TORRE LFR MODELO 1850MM (021105766);CHAPAS;UN;0;0
5386;TORRE LFR MODELO 2200MM (021105767);CHAPAS;UN;0;0
5387;PERFIL X-4/X-6 LATERAL AÇO - (COLUNA LATERAL);CHAPAS;UN;0;0
5408;MÃO FRANCESA DO LF-200 (021104181);TUBOS;UN;0;0
5409;PEGADA LF-200 (021103001);TUBOS;UN;0;0
5421;PUXADOR DO GARFO (021106603);USINADOS;UN;0;0
5426;"ORELHA TRAVA DO FREIO #5/16"" (021106611)";ORELHAS;UN;0;0
5428;CHAPA DA PÁ HÉLICE 1200MM #1,20MM INOX (021106620);CHAPAS;UN;0;0
5429;HÉLICE MONTADA 1200MM INOX LION (CH. 251X510MM);CHAPAS;UN;0;0
5432;MOLDURA ALUMÍNIO LC 70 (021107805);CHAPAS;UN;0;0
5433;COLUNA DIANTEIRA LC 70 (ALUMÍNIO) (021105000);CHAPAS;UN;0;0
5434;BUCHA ESPAÇADORA PISANTE (021106635);USINADOS;UN;0;0
5435;CHAPA INOX PANTOGRÁFICO #INOX 2,00 (021106579);CHAPAS;UN;0;0
5456;"CHAPA GUIA ESTICADOR POLIA SUP. #1/4"" (021106593)";CHAPAS;UN;0;0
5458;"CH. DO ESTICADOR DA ESCADA #3/16"" (021106668)";CHAPAS;UN;0;0
5459;"CH. SUPORTE DO PAINEL #1/8"" (021106613)";CHAPAS;UN;0;0
5460;"CHAPA SUP. INFERIOR TRANSM. #1/4"" (021106596)";CHAPAS;UN;0;0
5461;"CH. PISANTE DA ESCADA #3/16"" (021106594)";CHAPAS;UN;0;0
5462;"CH. FLANGE INFERIOR COLUNA PRINC. #1/4"" (021106651)";CHAPAS;UN;0;0
5463;"MÃO FRANCESA ESTRIBO ESCADA #3/16"" (021106655)";CHAPAS;UN;0;0
5464;"ORELHA RODIZIO ESCADA #1/4"" (021106656)";CHAPAS;UN;0;0
5465;"CH. PLATAFORMA SIT. SEGURANÇA #3/16"" (021106658)";CHAPAS;UN;0;0
5466;SUPORTE FIX. CORRIMÃO INFERIOR (021106672);USINADOS;UN;0;0
5467;CUBO COROA D90 (021106619);USINADOS;UN;0;0
5468;FLANGE FIX. COROA D230 (021106650);USINADOS;UN;0;0
5469;EIXO SUPERIOR POLIA ESCADA (021106648);USINADOS;UN;0;0
5470;EIXO SUPERIOR ESCADA (021106647);USINADOS;UN;0;0
5471;EIXO MENOR DEGRAUS ESCADA (021106646);USINADOS;UN;0;0
5472;EIXO INFERIOR POLIA DO MOTOR (021106645);USINADOS;UN;0;0
5473;EIXO INFERIOR ESCADA (021106644);USINADOS;UN;0;0
5474;BUCHA SUPORTE MANCAL FRONTAL (021106591);USINADOS;UN;0;0
5476;BUCHA ESP. GUIA DOS ROLAMENTOS (021106584);USINADOS;UN;0;0
5477;BUCHA ESP. EIXO RODIZIO (021106586);USINADOS;UN;0;0
5479;BUCHA FIX. CORRIMÃO INFERIOR (021106587);USINADOS;UN;0;0
5480;BUCHA FIX. CORRIMÃO SUPERIOR (021106671);USINADOS;UN;0;0
5482;EIXO MAIOR DEGRAUS ESCADA (021106641);USINADOS;UN;0;0
5484;BUCHA FIX. SAPATA NIVELADOR (021106589);USINADOS;UN;0;0
5484;BUCHA FIX. SAPATA NIVELADOR (021106589);USINADOS;UN;0;0
5487;"CH. RÉGUA INF. GUIA DO ROLAMENTO #3/16"" 1045 (021106669)";CHAPAS;UN;0;0
5488;"CH. RÉGUA GUIA ROLAMENTO CORRENTE #3/16"" 1020(021106670)";CHAPAS;UN;0;0
5493;BUCHA DO PESCOÇO (021106580);USINADOS;UN;0;0
5499;EIXO TRASEIRO X-6 (021106677);USINADOS;UN;0;0
5501;"CORRIMÃO SUPERIOR Ø1 1/2""x#2,00 1965MM (DIREITO)";TUBOS;UN;0;0
5502;PEGADA CENTRAL SUPERIOR (021106675);TUBOS;UN;0;0
5507;"CH. EXTERNA SUPORTE CAREN. #1/8"" (021106696)";CHAPAS;UN;0;0
5507;"CH. EXTERNA SUPORTE CAREN. #1/8"" (021106696)";CHAPAS;UN;0;0
5508;"CORRIMÃO INFERIOR DIREITO Ø2""x#2,00 2413MM (021106617)";TUBOS;UN;0;0
5509;BUCHA 123MM (021106700);USINADOS;UN;0;0
5510;BUCHA 120MM (021106701);USINADOS;UN;0;0
5511;BUCHA FIX. PEGADA CENTRAL (021106738);USINADOS;UN;0;0
5513;COLUNA DA X-6 (PAR);QUADRO;UN;0;0
5514;EIXO BATENTE DA ELEVAÇÃO (021106728);USINADOS;UN;0;0
5515;EIXO DIANTEIRO X-6 (021106725);USINADOS;UN;0;0
5517;ROLETE DIANTEIRO X-6 (021106726);USINADOS;UN;0;0
5518;ROLETE TRASEIRO X-6 (021106727);USINADOS;UN;0;0
5519;CALÇO RODINHA ELEVAÇÃO (021106720);USINADOS;UN;0;0
5520;BUCHA DO PÉ NIVELADOR (021106688);USINADOS;UN;0;0
5521;BUCHA REFORÇO DA ELEVAÇÃO (021106693);USINADOS;UN;0;0
5522;PARAFUSO DA ELEVAÇÃO (021106694);USINADOS;UN;0;0
5523;BUCHA SUPORTE EIXO DIANTEIRO (021106691);USINADOS;UN;0;0
5524;BUCHA PP DO BRAÇO (021106734);USINADOS;UN;0;0
5525;RODINHA DA ELEVAÇÃO (021106719);USINADOS;UN;0;0
5526;BUCHA TECNIL DA ELEVAÇÃO (021106689);USINADOS;UN;0;0
5527;BUCHA TECNIL EIXO DIANT. (021106690);USINADOS;UN;0;0
5528;POLIA DO MOTOR X-6/X-4 GT (021106743);USINADOS;UN;0;0
5529;"CHAPA APOIO DO ESTRIBO #1/8"" (021106730)";CHAPAS;UN;0;0
5530;"CHAPA LATERAL DA ELEVAÇÃO #1/4"" (021106707)";CHAPAS;UN;0;0
5531;"CHAPA CENTRAL DE FIX. DO PAINEL #1/4"" (021106702)";CHAPAS;UN;0;0
5532;"CHAPA EMENDA DO BRAÇO #3/16"" (021106703)";CHAPAS;UN;0;0
5533;"CHAPA SUPERIOR DA COLUNA #3/16"" (021106704)";CHAPAS;UN;0;0
5534;"CHAPA INFERIOR DA COLUNA #3/16"" (021106706)";CHAPAS;UN;0;0
5535;"CHAPA FURADA FIX. COLUNA #3/16"" (021106705)";CHAPAS;UN;0;0
5536;"CHAPA TRAVA DA ELEVAÇÃO #1/4"" (021106708)";CHAPAS;UN;0;0
5537;"ORELHA DA RODINHA X-6 #3/16"" (021106750)";CHAPAS;UN;0;0
5539;PEGADA DO HAND GRIP X-6 DIREITA (021106754);TUBOS;UN;0;0
5541;CALÇO 23MM DA ESCADA (021106756);USINADOS;UN;0;0
5541;CALÇO 23MM DA ESCADA (021106756);USINADOS;UN;0;0
5545;SUPORTE DE LUBRIFICAÇÃO DA ESTEIRA REAB.;CONJUNTOS E SUBCONJUNTOS;UN;0;0
5546;TRAVA DA COLUNA X-6 (MONTADA);CONJUNTOS E SUBCONJUNTOS;UN;0;0
5547;PAINEL COMPLETO X-6i (COM ELEVAÇÃO);CONJUNTOS E SUBCONJUNTOS;UN;0;0
5548;PAINEL COMPLETO X-6;CONJUNTOS E SUBCONJUNTOS;UN;0;0
5550;CHAPA DO VISOR X-6 # AL. LISO (021106746);CHAPAS;UN;0;0
5551;ROLETE TRASEIRO COMPLETO X-6;CONJUNTOS E SUBCONJUNTOS;UN;0;0
5552;ROLETE DIANTEIRO COMPLETO X-6;CONJUNTOS E SUBCONJUNTOS;UN;0;0
5553;BUCHA SUPORTE DA ELEVAÇÃO (021106692);USINADOS;UN;0;0
5554;MOTOR 3 CV (COM POLIA);CONJUNTOS E SUBCONJUNTOS;UN;0;0
5556;CHAPA DA FONTE X-6 #ALUM. 2MM (021106723);CHAPAS;UN;0;0
5557;CHAPA DA FONTE ESCADA #ALUM. 2MM (021106724);CHAPAS;UN;0;0
5558;CHAPA PROTEÇÃO MOTOR E INV. #1,2MM (021106595);CHAPAS;UN;0;0
5559;PAINEL COMPLETO SIMULADOR DE ESCADA (SE01);CONJUNTOS E SUBCONJUNTOS;UN;0;0
5568;CHAPA SUP. MANCAL DAS POLIAS - #3-16'' (021106622);CHAPAS;UN;0;0
5569;"CHAPA INTERNA SUPORTE CAREN. #1/8"" (021106697)";CHAPAS;UN;0;0
5570;"CHAPA INFERIOR TRANSMISSÃO #3/16"" (021106660)";CHAPAS;UN;0;0
5571;"CHAPA SUPERIOR TRANSMISSÃO #3/16"" (021106661)";CHAPAS;UN;0;0
5573;"CHAPA PORTA GARRAFA #1/8"" (021106762)";CHAPAS;UN;0;0
5573;"CHAPA PORTA GARRAFA #1/8"" (021106762)";CHAPAS;UN;0;0
5574;"CHAPA REGULAGEM PLATAFORMA #3/16"" (021106763)";CHAPAS;UN;0;0
5575;"CHAPA FIXAÇÃO PLATAFORMA #3/16"" (021106764)";CHAPAS;UN;0;0
5579;CHAPA DO VISOR ESCADA # AL. LISO (021106758);CHAPAS;UN;0;0
5605;"CHAPA GUIA ESTICADOR POLIA INF. #1/4"" (021106652)";CHAPAS;UN;0;0
5616;"CHAPA BASE DO PESCOÇO #3/16"" (021106812)";CHAPAS;UN;0;0
5640;KIT MONTAGEM BRAÇOS DA ESCADA (SE01);CONJUNTOS E SUBCONJUNTOS;UN;0;0
5653;FERRO CHATO DO BATENTE (021106819);CHAPAS;UN;0;0
5654;BUCHA ART. DO BRAÇO (021106821);USINADOS;UN;0;0
5655;"MÃO FRANCESA ROLETE GRANDE #1/4"" (021106823)";MÃO FRANCESA;UN;0;0
5657;"CHAPA FURO MAIOR DA EXCÊNTRICA EXTENSOR #1/4"" (021106824)";CHAPAS;UN;0;0
5660;"DISCO EXCÊNTRICO MENOR #3/16"" (021106826)";CHAPAS;UN;0;0
5661;EIXO DA EXCÊNTRICA EXTENSOR (021106822);USINADOS;UN;0;0
5678;CHAPA DE INOX DA CATRACA MAIOR #INOX 2,00 (021106832);CHAPAS;UN;0;0
5682;CONJUNTO DO PÉ DE VELA SIM. CAMINHADA MONTADO;CONJUNTOS E SUBCONJUNTOS;UN;0;0
5688;GUIA DE PESO INOX 1600 MM (021108139);TUBOS;UN;0;0
5692;"REFORÇO FLEX/EXT. CONJ. #5/16"" (021106841)";CHAPAS;UN;0;0
5693;"ORELHA 150MM OBLONGO #1/4"" (021106842)";CHAPAS;UN;0;0
5694;"CHAPA ROLDANA CROSS ANG. #1/4"" (021106857)";CHAPAS;UN;0;0
5695;"CH. TRAVA INF. DA COLUNA #3/16"" (021106853)";CHAPAS;UN;0;0
5696;"ORELHA DA RODINHA X-4 #3/16"" (021106848)";CHAPAS;UN;0;0
5697;"MÃO FRANCESA DO PÉ NIVELADOR #1/4"" (021106849)";CHAPAS;UN;0;0
5698;BUCHA SUPORTE EIXO DIANT. X-4 GT (021106855);USINADOS;UN;0;0
5702;COLUNA DA X-4 GT/X-4i (PAR);QUADRO;UN;0;0
5713;PAINEL COMPLETO X-4 GT;CONJUNTOS E SUBCONJUNTOS;UN;0;0
5730;BUCHA SEXTAVADA DE REG. (021106859);USINADOS;UN;0;0
5732;BUCHA MENOR DE REG. COM ROSCA (021106865);USINADOS;UN;0;0
5732;BUCHA MENOR DE REG. COM ROSCA (021106865);USINADOS;UN;0;0
5734;BUCHA DE REGULAGEM 60MM (021106869);USINADOS;UN;0;0
5735;BUCHA DE REGULAGEM 80MM (021106868);USINADOS;UN;0;0
5736;BUCHA DE REGULAGEM 85MM (021106867);USINADOS;UN;0;0
5738;"ORELHA 170MM #1/4"" (021106871)";ORELHAS;UN;0;0
5754;EIXO DA EXCÊNTRICA EXT./FLEX. SENTADO (021106879);USINADOS;UN;0;0
5755;EIXO MENOR DA ROLDANA (021106891);USINADOS;UN;0;0
5765;EIXO 50MM (021106882);USINADOS;UN;0;0
5777;EIXO DA EXCÊNTRICA EXT/FLEX.SENT.IRID.(021106892);USINADOS;UN;0;0
5780;EIXO MAIOR DA ROLDANA (021106880);USINADOS;UN;0;0
5781;EIXO DA EXCÊNTRICA EXT/FLEX. SENT. LF-R (021106893);USINADOS;UN;0;0
5783;FLAUTA 270MM INOX (021106894);TUBOS;UN;0;0
5784;"REFORÇO DA BARBATANA 60MM #5/16"" (021106895)";CHAPAS;UN;0;0
5793;CH. DE FIX. DO VISOR GT X-4 #AL. LISO (021106899);CHAPAS;UN;0;0
5794;"CHAPA TRAVA DO PAINEL X-4 GT #3/16"" (021106900)";CHAPAS;UN;0;0
5795;BUCHA 50MM SIMULADOR ESCADA (021106903);USINADOS;UN;0;0
5798;"CHAPA REFORCO DA COLUNA #1/4"" (021106906)";CHAPAS;UN;0;0
5811;"CHAPA TAMPA DA COLUNA #3/16"" (021106916)";CHAPAS;UN;0;0
5815;EIXO SUSTENTAÇÃO ANILHAS 500MM (021106926);USINADOS;UN;0;0
5816;"ORELHA INFERIOR DO SISSY #1/4"" (021106933)";ORELHAS;UN;0;0
5817;"ORELHA SUPERIOR DO SISSY #1/4"" (021106934)";ORELHAS;UN;0;0
5818;"CHAPA PISANTE SISSY AFUNDO #3/16"" (021106935)";CHAPAS;UN;0;0
5819;"CHAPA APOIO DO BATENTE #3/16"" (021106936)";CHAPAS;UN;0;0
5820;"CHAPA BASE DO CARRINHO AFUNDO #3/16"" (021106937)";CHAPAS;UN;0;0
5821;"ORELHA BATENTE DO CARRINHO #1/4"" (021106942)";ORELHAS;UN;0;0
5823;BUCHA ROSCADA DO BATENTE (021106940);USINADOS;UN;0;0
5824;BUCHA REFORÇO DO BATENTE (021106941);USINADOS;UN;0;0
5826;CAPA DE INOX 1595MM;TUBOS;UN;0;0
5831;BUCHA PP APOIO DO DECK (021106943);USINADOS;UN;0;0
5838;"CAPA DUPLA MULTI STATION #1/8"" (021106957)";CHAPAS;UN;0;0
5839;"CH. JACARE DA PERNA #1/4"" (021102803)";CHAPAS;UN;0;0
5840;EIXO MENOR DA TRAVA (021106955);USINADOS;UN;0;0
5841;EIXO TRAVA DA PERNA (021106954);USINADOS;UN;0;0
5842;"USINHO DA MULTISTATION #1/8"" (021106959)";CHAPAS;UN;0;0
5843;EIXO DA ROLDANA ABDOMINAL (021106960);USINADOS;UN;0;0
5845;CHAPA REFORÇO DA PÁ #1,2MM INOX (021106978);CHAPAS;UN;0;0
5848;BUCHA 28MM (021106991);USINADOS;UN;0;0
5871;FLAUTA 175MM MULTI STATION (021106992);TUBOS;UN;0;0
5872;EIXO DO BRAÇO MULTI STATION (021106993);USINADOS;UN;0;0
5873;"ORELHA DA PEGADA 3"" #3/16"" (021106994)";CHAPAS;UN;0;0
5873;"ORELHA DA PEGADA 3"" #3/16"" (021106994)";CHAPAS;UN;0;0
5874;CABO EXTENSOR (MULTI STATION);CONJUNTOS E SUBCONJUNTOS;UN;0;0
5876;CAPA DO EIXO DA TRAVA (021107004);USINADOS;UN;0;0
5877;ARRUELA DA TRAVA DE SEGURANÇA (021107003);USINADOS;UN;0;0
5878;EIXO TRAVA DE SEGURANÇA (021107002) ;USINADOS;UN;0;0
5880;"CH. DO FREIO #5/16"" (021106998)";CHAPAS;UN;0;0
5881;"ORELHA TRAVA DE SEGURANÇA #1/4"" (021107000)";ORELHAS;UN;0;0
5885;"ORELHA DA PEGADA BANCO FIXO  #3/16"" (021107005)";ORELHAS;UN;0;0
5891;FLAUTA 650MM INOX (021107023);TUBOS;UN;0;0
5893;"CH. CONEXÃO TORRE PRINCIPAL #1/4"" (021107026)";CHAPAS;UN;0;0
5894;"CHAPA BALANCIN DA PEGADA #5/16"" (021107030)";CHAPAS;UN;0;0
5895;"TAMPA DO BRAÇO ARTICULADO #5/16"" (021107024)";CHAPAS;UN;0;0
5896;"CONEXÃO DA TRAVESSA INTERNA #3/16"" (021107020)";CHAPAS;UN;0;0
5897;"CHAPA DOBRADA BATENTE #3/16"" (021107028)";CHAPAS;UN;0;0
5898;"CHAPA DOBRADA DA PEGADA #3/16"" (021107029)";CHAPAS;UN;0;0
5899;"CH. DISCO DE REG. DO APOIO #3/16"" (021107031)";CHAPAS;UN;0;0
5900;"CH. SUPORTE DO APOIO COM FURO #3/16"" (021107032)";CHAPAS;UN;0;0
5901;"CH. SUPORTE DO APOIO SEM FURO #3/16"" (021107033) ";CHAPAS;UN;0;0
5903;BUCHA PP DA TRAVA (021107035);USINADOS;UN;0;0
5925;EIXO LIMITADOR DO BRAÇO (021107066);USINADOS;UN;0;0
5926;"CH. DE LIMITAÇÃO DA ARTICULAÇÃO #3/16"" (021107058)";CHAPAS;UN;0;0
5927;"CH. APOIO DO PISANTE #3/16"" (021107065)";CHAPAS;UN;0;0
5928;"CH. PRINCIPAL DA ARTICULAÇÃO #1/4"" (021107056)";CHAPAS;UN;0;0
5929;"CH. DO BATENTE #1/4"" (021107057)";CHAPAS;UN;0;0
5930;"CH. ARTICULAÇÃO DA PANTOGRAFICA #1/4"" (021107061)";CHAPAS;UN;0;0
5931;"CH. ART. DA PANTOGRAFICA COM FURO #1/4"" (021107062)";CHAPAS;UN;0;0
5932;"CH. ART. MAIOR DA PANTOGRAFICA #1/4"" (021107063)";CHAPAS;UN;0;0
5933;"CH. APOIO DE PÉ DA PANTOGRAFICA #1/4"" (021107064)";CHAPAS;UN;0;0
5936;"CH. SAPATA ELIPSE #1/4"" (021107059)";CHAPAS;UN;0;0
5948;CAR. PUX. BAIXA/REMADA SENT. PRÓ S/ FURO (021105287);CHAPAS;UN;0;0
5949;CAR. PUX. BAIXA/REMADA SENT. PRÓ C/ FURO (021105288);CHAPAS;UN;0;0
5956;CAR. PUX. ALTA/2X1 PRÓ S/ FURO (021105286);CHAPAS;UN;0;0
5957;CAR. PUX. ALTA/2X1 PRÓ C/ FURO (021105285);CHAPAS;UN;0;0
5958;CAR. POLIA/CROSS OVER PRÓ S/ FURO (021105282);CHAPAS;UN;0;0
5959;CAR. POLIA/CROSS OVER PRÓ C/ FURO (021105281);CHAPAS;UN;0;0
5960;CAR. CROSSMITH/CROSS RED. ANG. PRÓ C/ FURO (021105280);CHAPAS;UN;0;0
5961;CAR. CROSSMITH/CROSS RED. ANG. PRÓ S/ FURO (021105279);CHAPAS;UN;0;0
5962;CAR. CROSS OVER IRIDIUM C/ FURO (021106577);CHAPAS;UN;0;0
5963;CAR. CROSS OVER IRIDIUM S/ FURO (021106578);CHAPAS;UN;0;0
5964;CAR. PUX. ALTA/2X1 IRIDIUM S/ FURO (021106574);CHAPAS;UN;0;0
5965;CAR. PUX. ALTA/2X1 IRIDIUM C/ FURO (021106573);CHAPAS;UN;0;0
5966;CAR. ESQ. CROSSMITH IRIDIUM S/ FURO (021106576);CHAPAS;UN;0;0
5970;CAR. GRAVITON IRIDIUM S/ FURO (021106768);CHAPAS;UN;0;0
5971;CAR. GRAVITON IRIDIUM C/ FURO (021106767);CHAPAS;UN;0;0
5982;CAR. CROSSMITH LF-R C/ FURO (021106424);CHAPAS;UN;0;0
5983;CAR. CROSS OVER/ANG. LF-R C/ FURO (021106261);CHAPAS;UN;0;0
5984;CAR. PUXADA ALTA LF-R C/ FURO (021106185);CHAPAS;UN;0;0
5985;CAR. PUXADA 2X1 LF-R C/ FURO (021106184);CHAPAS;UN;0;0
5986;CAR. GRAVITON LF-R C/ FURO (021106183);CHAPAS;UN;0;0
5987;CAR. CROSS O. ESC./POLIA S. LF-R C/ FURO (021106182);CHAPAS;UN;0;0
5988;"SUPORTE CARENAGEM DIANTEIRA #3/16"" (021106901)";CHAPAS;UN;0;0
5990;CAR. APOLETE LF-R C/ FURO (021106175);CHAPAS;UN;0;0
5992;CAR. PUX. BAIXA LF-R C/ FURO (021106186);CHAPAS;UN;0;0
5993;CAR. REMADA SENT. LF-R C/ FURO (021106188);CHAPAS;UN;0;0
5994;CAR. FLEXOR DEIT. LF-R C/ FURO (021106180);CHAPAS;UN;0;0
5995;CAR. LEG P. 180 LF-R C/ FURO (021106178);CHAPAS;UN;0;0
5997;CAR. EXT/FLEXOR SENT LF-R C/ FURO (021106179);CHAPAS;UN;0;0
5998;CAR. ADUTOR/ABDUTOR LF-R C/ FURO (021106220);CHAPAS;UN;0;0
5999;CAR. BICEPS/TRICEPS LF-R C/ FURO (021106176);CHAPAS;UN;0;0
6020;"CHAPA MENOR DA POLIA M2 #3/16"" (021107109)";CHAPAS;UN;0;0
6021;"CHAPA MAIOR DA POLIA M2 #3/16"" (021107110)";CHAPAS;UN;0;0
6022;"CHAPA CENTRAL DO BRAÇO #3/16"" (021107111)";CHAPAS;UN;0;0
6023;"CHAPA CENTRAL SUPERIOR #3/16"" (021107112)";CHAPAS;UN;0;0
6024;"CHAPA INFERIOR DA ROLDANA M2 #3/16"" (021107113)";CHAPAS;UN;0;0
6025;"CHAPA DO EXTENSOR M2 #3/16"" (021107114)";CHAPAS;UN;0;0
6026;"CHAPA SUPORTE DO EXTENSOR M2 #3/16"" (021107115)";CHAPAS;UN;0;0
6027;"ORELHA ARTICULAÇÃO DO BANCO #3/16"" (021107118)";ORELHAS;UN;0;0
6028;"CHAPA UNIÃO DA ORELHA #3/16"" (021107119)";CHAPAS;UN;0;0
6029;"CHAPA INFERIOR DA POLIA M2 #3/16"" (021107120)";CHAPAS;UN;0;0
6030;"CHAPA REGULAGEM DO ENCOSTO M2 #3/16"" (021107121)";CHAPAS;UN;0;0
6031;"CHAPA DA ROLDANA DUPLA M2 #3/16"" (021107122)";CHAPAS;UN;0;0
6032;"CHAPA TRAVA DO BATENTE #3/16"" (021107123)";CHAPAS;UN;0;0
6033;"CHAPA ORELHA DA CONEXÃO DA TORRE #3/16"" (021107124)";CHAPAS;UN;0;0
6034;"CHAPA REFORÇO SUPERIOR DA POLIA #3/16"" (021107125)";CHAPAS;UN;0;0
6035;"CHAPA PEGADA LATERAL #3/16"" (021107126)";CHAPAS;UN;0;0
6036;"ORELHA DA PEGADA LATERAL #3/16"" (021107127)";ORELHAS;UN;0;0
6037;"MÃO FRANCESA DO BATENTE #3/16"" (021107128)";MÃO FRANCESA;UN;0;0
6038;"CHAPA DE REG. DA ARTICULAÇÃO #5/16"" (021107129)";CHAPAS;UN;0;0
6039;"CHAPA DA ARTICULAÇÃO DO BRAÇO #5/16"" (021107130)";CHAPAS;UN;0;0
6040;"CHAPA TRASEIRA DA PLATAFORMA #1/4"" (021107151)";CHAPAS;UN;0;0
6041;"CHAPA BASE ARTICULAÇÃO DO LEG #1/4"" (021107152)";CHAPAS;UN;0;0
6042;EIXO 260MM PLATAFORMA (021107153);USINADOS;UN;0;0
6043;EIXO 158MM (021107154);USINADOS;UN;0;0
6046;BUCHA ESTICADOR DO CABO (021107156);USINADOS;UN;0;0
6047;CALÇO 40MM DO BRAÇO (021107155);USINADOS;UN;0;0
6048;KIT DEGRAUS COMPLETO DA ESCADA;CONJUNTOS E SUBCONJUNTOS;UN;0;0
6078;CAR. MULTISTATION M2 C/ FURO (021107167);CHAPAS;UN;0;0
6079;CAR. MULTISTATION M2 S/ FURO (021108734);CHAPAS;UN;0;0
6091;FUNDO LATERAL MEGA TR. #2MM (021107177);CHAPAS;UN;0;0
6095;"CHAPA DO ESTOFADO 650MM FURADO #1/4"" (021104952)";CHAPAS;UN;0;0
6096;"CHAPA DO ESTOFADO 560MM #3/16"" (021105138)";CHAPAS;UN;0;0
6103;CALÇO DE ROLDANA 30MM (021105136);USINADOS;UN;0;0
6118;BARRA ROSCADA DO BATENTE (021106939);USINADOS;UN;0;0
6127;"ORELHA DA RODA DO ELIPTICO #3/16"" (021107190)";CHAPAS;UN;0;0
6169;EIXO TRAVA DA PEGADA (021107317);USINADOS;UN;0;0
6177;CHAPA SUPORTE DO MICRO #2MM (021106765);CHAPAS;UN;0;0
6190;"TAMPA INTERNA DO BATENTE #1/8"" (021107254)";CHAPAS;UN;0;0
6193;CHAPA DE INOX DISCO M2 #INOX 2,00 (021107257);CHAPAS;UN;0;0
6194;CHAPA DE INOX REG. DO ENCOSTO #INOX 2,00 (021107258);CHAPAS;UN;0;0
6195;CHAPA DE INOX MT 01 #INOX 2,00 (021107259);CHAPAS;UN;0;0
6204;"TRAVA CHAPA TRIANGULO #3/16"" (021107267)";CHAPAS;UN;0;0
6205;"MÃO FRANCESA CH. TRIANGULO #3/16"" (021107266)";MÃO FRANCESA;UN;0;0
6206;TRAVA SUPERIOR DOS GANCHOS (021107268);TUBOS;UN;0;0
6207;"TRAVA INFERIOR DOS GANCHOS Ø1 1/2""x#2,00 (UN) (021107269)";TUBOS;UN;0;0
6209;"CORRIMÃO SUPERIOR Ø1 1/2""x#2,00 1965MM (ESQUERDO)";TUBOS;UN;0;0
6211;"MÃO FRANCESA PANTURRILHA ANILHADA #3/16"" (021107271)";MÃO FRANCESA;UN;0;0
6212;CORRIMÃO SUPERIOR FISIO COMPLETO (PAR);CONJUNTOS E SUBCONJUNTOS;UN;0;0
6214;BATENTE DE SEGURANÇA (021107001);USINADOS;UN;0;0
6227;"ORELHA 75mm #1/4"" (021107293)";ORELHAS;UN;0;0
6230;"APOIO CHAPA ESTOFADO #1/4"" (021107296)";CHAPAS;UN;0;0
6231;BUCHA SUPORTE EIXO DIANT. X-3 GT (021107301);USINADOS;UN;0;0
6232;"CH. DE FIXAÇÃO DA COLUNA X-3 GT #3/16"" (021107281)";CHAPAS;UN;0;0
6233;"CH. INFERIOR COLUNA X-3 GT #3/16"" (021107279)";CHAPAS;UN;0;0
6239;COLUNA DA X-3 GT (PAR);QUADRO;UN;0;0
6252;FLAUTA 398MM BOCA DE LOBO FRON. (10 FUROS) 021107321;TUBOS;UN;0;0
6253;FLAUTA 402MM INOX COM BC DE LOBO LATERAL (10 FUROS) - 021107322;TUBOS;UN;0;0
6256;BUCHA PP DA TRAVA 88mm (021107327);USINADOS;UN;0;0
6258;KIT MONTAGEM FINAL BRAÇOS DA ESCADA FISIO (SE01);CONJUNTOS E SUBCONJUNTOS;UN;0;0
6259;ORELHA PLATAFORMA MULTISTATION M1 (021107333);ORELHAS;UN;0;0
6265;PEGADA REGULÁVEL ESCADA FISIO (021106212);CONJUNTOS E SUBCONJUNTOS;UN;0;0
6266;"ORELHA DA ABRACADEIRA 3/16"" (021107335)";CHAPAS;UN;0;0
6275;RODA DO PÉ DE VELA COM CORREIA USINADA - POLIA BIKE-480-(021107351) ;USINADOS;UN;0;0
6276;"PAINEL COMPLETO SIMULADOR DE ESCADA C/DISPLAY 10"" (SE01)";CONJUNTOS E SUBCONJUNTOS;UN;0;0
6278;RODA C/ CUBO CORREIA LF-480 USINADA (021107354);USINADOS;UN;0;0
6282;PAINEL COMPLETO X-6 C/DISPLAY;CONJUNTOS E SUBCONJUNTOS;UN;0;0
6300;"MÃO FRANCESA ESCADA ENCAIXE COM REBAIXO #1/4"" (021107356) ";CHAPAS;UN;0;0
6301;"CONEXAO ENCAIXE TUBO ESCADA #1/4"" (021107365) ";CHAPAS;UN;0;0
6302;"ORELHA DOBRADA ESCADA #1/4"" (021107355)";CHAPAS;UN;0;0
6303;CONEXÃO LATERIAIS SIM. ESCADA (021107357);USINADOS;UN;0;0
6304;"CH. APOIO DO ARCO 3/16"" (021107367)";CHAPAS;UN;0;0
6305;"CH. CALANDRADA EXTENSOR M1 #1/8"" (021107368)";CHAPAS;UN;0;0
6307;BUCHA DOBRADIÇA DA PEGADA (021107315);USINADOS;UN;0;0
6311;TUBO ABRAÇADEIRA PEGADA (021107314);USINADOS;UN;0;0
6312;TUBO PEGADA REGULÁVEL (021107313);USINADOS;UN;0;0
6313;SUPORTE DA CARENAGEM 1290MM #1,2MM (021107391);CHAPAS;UN;0;0
6314;SUPORTE DA CARENAGEM 500MM #1,2MM (021107392);CHAPAS;UN;0;0
6315;SUPORTE DA CARENAGEM 400MM #1,2MM (021107393);CHAPAS;UN;0;0
6316;TRAVA SUPERIOR DAS TORRES (021106204);TUBOS;UN;0;0
6317;RODA C/ CUBO CORREIA LF-480 USINADA MONTADA;CONJUNTOS E SUBCONJUNTOS;UN;0;0
6323;EIXO TRASEIRO SUP. ANT. ENF. (021107435);USINADOS;UN;0;0
6325;BUCHA DO PISANTE SUP. ANT. ENF. (021107430);USINADOS;UN;0;0
6326;BUCHA ARTICULAÇÃO 80mm (021107431);USINADOS;UN;0;0
6328;BUCHA SISTEMA DE AMORTECIMENTO (021107432);USINADOS;UN;0;0
6329;EIXO PARA ACIONAR O PEDAL (021107434);USINADOS;UN;0;0
6330;EIXO DIANTEIRO SUP. ANT. INF. (021107433);USINADOS;UN;0;0
6331;"CH. CONEXÃO BANCO E TORRE 3/16"" (021107376)";CHAPAS;UN;0;0
6332;CH.CONEXÃO TORRE E BANCO (021107402);CHAPAS;UN;0;0
6333;"BASE DO AMORTECEDOR SUP. ANT. ENF #1/4"" (021107401)";CHAPAS;UN;0;0
6334;"ORELHA ESTOFADO 3/16"" (021107400)";ORELHAS;UN;0;0
6335;"APOIO DO PISANTE SUP. ANTI ENF. 3/16"" (021107377)";CHAPAS;UN;0;0
6336;SUPORTE PISANTE DE BORRACHA (021107378);CHAPAS;UN;0;0
6337;"CH. EM L CONEXÃO SUP. ANTI ENF. 1/4"" (021107380)";CHAPAS;UN;0;0
6338;"CH.CALANDRADA DA TRAVA 1/8"" (021107381)";CHAPAS;UN;0;0
6339;"CH. LIMITADOR PUXE 3/16"" (021107383)";CHAPAS;UN;0;0
6340;"CH. EM U DO PIT SUP. ANT. ENF. 3/16"" (021107388)";CHAPAS;UN;0;0
6341;"CH. APOIO CALANDRADA SUP. ANT. ENF. 3/16"" (021107389)";CHAPAS;UN;0;0
6342;"BASE COM RASGO SUP. ANT. ENF. #1/4"" (021107390) ";CHAPAS;UN;0;0
6343;"CH. APOIO DO U SUP ANT. ENF. 3/16"" (021107394)";CHAPAS;UN;0;0
6344;"ORELHA BASE ARTICULAÇÃO 3/16"" (021107395)";ORELHAS;UN;0;0
6345;"ORELHA PARA MOLA SUP ANT. ENF.  3/16"" (021107396)";ORELHAS;UN;0;0
6346;"BASE DA ORELHA DA ARTICULÇÃO #1/4"" (021107397)";CHAPAS;UN;0;0
6347;"BASE MENOR DA ORELHA DA ARTICULÇÃO #1/4"" (021107398)";CHAPAS;UN;0;0
6348;"CH. DO ESTICADOR SUP. ANT. EST #3/16"" (021107452)";CHAPAS;UN;0;0
6349;"CH. ARTICULAÇÃO TRASEIRA SUP. ANT. ENF.  #1/4"" (021107399)";CHAPAS;UN;0;0
6361;BUCHA CHAPA ELEVAÇÃO (021107467);USINADOS;UN;0;0
6368;"CHAPA TRASEIRA DA BASE #3/16"" (021107469)";CHAPAS;UN;0;0
6369;"CHAPA TRAVA ELEV. REAB. #1/4"" (021107420)";CHAPAS;UN;0;0
6370;CONJUNTO DO PÉ DE VELA LF-200 (2021) (021102428/021108061);CONJUNTOS E SUBCONJUNTOS;UN;0;0
6373;"CH. BASE ARTICULAÇÃO HACK #5/16"" (021107483) ";CHAPAS;UN;0;0
6389;EIXO ARTICULAÇÃO ABDOMINAL (021107494);USINADOS;UN;0;0
6401;BUCHA ARTICULAÇÃO DO CORRIMÃO (021107495);USINADOS;UN;0;0
6402;BUCHA EMENDA DO PESCOÇO (021107496);USINADOS;UN;0;0
6403;BUCHA SUPORTE EIXO DIANTEIRO REAB. (021107497);USINADOS;UN;0;0
6408;EIXO DO HACK 150mm  (021107527);USINADOS;UN;0;0
6408;EIXO DO HACK 150mm  (021107527);USINADOS;UN;0;0
6410;EIXO DIANTEIRO ESTEIRA REAB. (021107460);USINADOS;UN;0;0
6412;EIXO TRASEIRO ESTEIRA REAB. (021107459);USINADOS;UN;0;0
6413;BUCHA DA ELEVAÇÃO REAB. (021107462);USINADOS;UN;0;0
6414;ROLETE DIANT. ESTEIRA REAB. (021107457);USINADOS;UN;0;0
6416;ROLETE TRASEIRO ESTEIRA REAB. (021107458);USINADOS;UN;0;0
6424;"CH. PUXADA 2X1 #3/16"" (021107532)";CHAPAS;UN;0;0
6432;CH. EST. APOIO DE BRAÇO UNILATERAL (021107514);CHAPAS;UN;0;0
6433;CH. EM U ARTICULAÇÃO FLEXOR UNILATERAL #1/4 (021107442);CHAPAS;UN;0;0
6435;"CH. BASE DA ARTICULAÇÃO #3/16"" (021107501)";CHAPAS;UN;0;0
6436;CH. ENCOSTO DE COXA 420X150 #3/16 (021107530);CHAPAS;UN;0;0
6440;CHAPA FRONTAL DA PEDALEIRA #1,2MM (021107550);CHAPAS;UN;0;0
6441;CHAPA FUNDO DA PEDALEIRA #1,2MM (021107551);CHAPAS;UN;0;0
6442;CHAPA LATERAL DA PEDALEIRA #1,2MM (021107552);CHAPAS;UN;0;0
6456;EIXO DE REGULAGEM SUPINO ANT. ENF. (021107556);USINADOS;UN;0;0
6461;SUPORTE PEDALEIRA ESTEIRA N8;CONJUNTOS E SUBCONJUNTOS;UN;0;0
6470;SUPORTE DE LUBRIFICAÇÃO DA ESTEIRA X-6;CONJUNTOS E SUBCONJUNTOS;UN;0;0
6471;CH. DO VISOR ESCADA LED #AL. LISO (021107347);CHAPAS;UN;0;0
6472;CH. DO TECLADO ESCADA LED #AL. LISO (021107348);CHAPAS;UN;0;0
6473;CH. DO TECLADO X-6 LED #AL. LISO (021107349);CHAPAS;UN;0;0
6474;CH. DO VISOR X-6 LED #AL. LISO (021107350);CHAPAS;UN;0;0
6485;POLIA DO MOTOR ESTEIRA REAB. (021107576);USINADOS;UN;0;0
6495;"TOP DA TRAVA HACK LOMBAR 3/16"" (021107571)";CHAPAS;UN;0;0
6496;"CH. SEGUNDA TRAVA HACK LOMBAR 3/16"" (021107570)";CHAPAS;UN;0;0
6498;"CH. CONEXÃO HACK LOMBAR #1/4"" (021107565) ";CHAPAS;UN;0;0
6506;"CHAPA REGULAGEM HACK LOMBAR #1/4"" (021107592) ";CHAPAS;UN;0;0
6507;"CHAPA APOIO DO PISANTE HACK LOMBAR #3/16"" (021107593)  ";CHAPAS;UN;0;0
6521;ROLETE DIANTEIRO COMPLETO ESTEIRA FISIO;CONJUNTOS E SUBCONJUNTOS;UN;0;0
6522;ROLETE TRASEIRO COMPLETO ESTEIRA FISIO;CONJUNTOS E SUBCONJUNTOS;UN;0;0
6524;PAINEL COMPLETO ESTEIRA FISIOTERAPIA N8;CONJUNTOS E SUBCONJUNTOS;UN;0;0
6525;CH. DO TECLADO ESTEIRA REAB. #AL. LISO (021107589);CHAPAS;UN;0;0
6526;CH. DO VISOR ESTEIRA REAB. #AL. LISO (021107588);CHAPAS;UN;0;0
6527;FLAUTA QUADRADA 300MM BOCA DE LOBO INOX (021107612);TUBOS;UN;0;0
6528;TAPETE PISANTE LION 20CMX15CM MONTADO;CHAPAS;UN;0;0
6531;"CHAPA APOIO DO PAINEL X-3 GT 3/16"" (021107613)";CHAPAS;UN;0;0
6534;TUBO ABRAÇADEIRA MENOR (021107617);TUBOS;UN;0;0
6537;"CH. DE REGULAGEM #3/16"" (021107619)  ";CHAPAS;UN;0;0
6538;"ORELHA DE REGULAGEM #3/16"" (021107620) ";ORELHAS;UN;0;0
6541;PAINEL COMPLETO X-3 GT;CONJUNTOS E SUBCONJUNTOS;UN;0;0
6542;CH. DE FIX. DO VISOR X-3 GT #AL. LISO (021107616);CHAPAS;UN;0;0
6547;BUCHA CALCO MAIOR (021107456);USINADOS;UN;0;0
6548;BUCHA CALCO MENOR (021107455);USINADOS;UN;0;0
6550;BUCHA GRAVITON IRIDIUM (021107635) ;USINADOS;UN;0;0
6552;BUCHA GRAVITON LF-R (021107633)  ;USINADOS;UN;0;0
6555;CHAPA INOX REGULAGEM SUPINO #INOX 2,00 (021107630);CHAPAS;UN;0;0
6557;"MÃO FRANCESA BICEPS UNILATERAL #1/4"" (021107604) ";MÃO FRANCESA;UN;0;0
6561;"MAO FRANCESA BRAÇO ARTICULADO #1/4"" (021107625) ";MÃO FRANCESA;UN;0;0
6562;"CH. CONEXÃO APOIO CENTRAL #1/4"" (021107611)  ";CHAPAS;UN;0;0
6564;"CH. BATENTE DA PEGADA DIR. #3/16"" (021107628) ";CHAPAS;UN;0;0
6565;"MAO FRANCESA APOIO ASSENTO #3/16"" (021107631)  ";MÃO FRANCESA;UN;0;0
6567;EIXO DA CHAPA DO FREIO (021107637) ;USINADOS;UN;0;0
6581;EIXO DO BRAÇO 148MM (021107638);USINADOS;UN;0;0
6583;"ORELHA DOBRADA EM L DIREITA #1/4"" (021107639)";ORELHAS;UN;0;0
6585;BUCHA SUPORTE DE ANILHAS BICEPS UNILATERAL (021107605);USINADOS;UN;0;0
6586;"ORELHA DA BASE ESTOFADO CH.3/16"" (021107641)";ORELHAS;UN;0;0
6590;CHAPA 100x40x#2,00 (021104244) ;CHAPAS;UN;0;0
6596;"ORELHA DE ART. HACK/LEG #5/16"" (021107652)";ORELHAS;UN;0;0
6597;EIXO 114MM (021107653);USINADOS;UN;0;0
6606;FLAUTA 550MM INOX 16 FUROS (021107654);TUBOS;UN;0;0
6610;"ORELHA ARTICULAÇÃO BATENTE 3/16"" (021107681)";ORELHAS;UN;0;0
6612;"CH. ENCOSTO LOMBAR #3/16"" (021107674)";CHAPAS;UN;0;0
6614;"GANCHEIRA DO BATENTE DE DESCANÇO #3/16"" (021107671) ";CHAPAS;UN;0;0
6615;"ORELHA DO GUIA ARTICULADO #3/16"" (021107670) ";ORELHAS;UN;0;0
6616;"MÃO FRANCESA PLATAFORMA #1/4"" (021107672)";MÃO FRANCESA;UN;0;0
6617;"MÃO FRANCESA DO ENCOSTO #1/4"" (021107673)";MÃO FRANCESA;UN;0;0
6623;TUBO CABEÇA AMORTECEDOR CROMADO (021107911);CONJUNTOS E SUBCONJUNTOS;UN;0;0
6624;FLAUTA ARTICULADA CROMADO (021107678);TUBOS;UN;0;0
6625;CALÇO DO EIXO 2MM (021107687) ZINCADO;USINADOS;UN;0;0
6626;"SUPORTE TRAVA FREIO COM REBAIXO #1/4"" (021107689)";CHAPAS;UN;0;0
6639;"CH. REGULAGEM DO ROLETE #1/4"" (021107698)";CHAPAS;UN;0;0
6640;"CH. BATENTE APOIO DO ROLETE #3/16"" (021107700)";CHAPAS;UN;0;0
6641;"ORELHA APOIO DO ROLETE #3/16"" (021107701)";ORELHAS;UN;0;0
6642;"ORELHA DA ART. COM BATENTE #1/4"" (021107702)";ORELHAS;UN;0;0
6643;ORELHA DO GUIA ARTICULADO CH.#3/16'' (021107703);ORELHAS;UN;0;0
6644;ORELHA REG. ARTICULADO #1/4'' (021107704);ORELHAS;UN;0;0
6645;ORELHA DO MANCAL TRAVAMENTO CH.#3/16''(021107705);ORELHAS;UN;0;0
6647;"CHAPA DE REGULAGEM 290MM #3/16"" (021107697)";CHAPAS;UN;0;0
6648;"CHAPA DO CARRINHO #1/4"" (021100685)";CHAPAS;UN;0;0
6650;"DISCO DE REGULAGEM #5/16"" (021100769)";CHAPAS;UN;0;0
6651;"CATRACA DO RAPID FIRE #1/4"" (021100056)";CHAPAS;UN;0;0
6652;"DISCO MAIOR PECK DECK #3/16"" (021101421)";CHAPAS;UN;0;0
6653;CHAPA SENSOR DE VELOCIDADE #2,00 (021102726);CHAPAS;UN;0;0
6654;CHAPA 70X50 #2,00 (021102391);CHAPAS;UN;0;0
6655;"CHAPA DOBRADA 240X51X51 #3/16"" (021102618)";CHAPAS;UN;0;0
6656;SUPORTE DO GARFO LF-480 NOVA (021102402);CHAPAS;UN;0;0
6660;"CATRACA DO RAPID FIRE MAIOR #1/4"" (021102884)";CHAPAS;UN;0;0
6661;"CHAPA DO RELOGIO #3/8"" (021104104)";CHAPAS;UN;0;0
6663;"RELÓGIO DO APOIO DA PERNA #1/4"" (021104221)";CHAPAS;UN;0;0
6664;"DISCO DE REG. DO BRAÇO #1/4"" (021104330)";CHAPAS;UN;0;0
6667;"RELÓGIO DO APOLETE #5/16"" (021106234)";CHAPAS;UN;0;0
6668;"CHAPA DO MOTOR X-4 / ESCADA #1/8"" (021105342)";CHAPAS;UN;0;0
6669;"CHAPA DO CARRINHO LF-R #1/4"" (021105843)";CHAPAS;UN;0;0
6671;"CHAPA RELÓGIO DO BRAÇO #1/4"" (021106014)";CHAPAS;UN;0;0
6672;"CHAPA GUIA SEM BATENTE #1/4"" (021106141)";CHAPAS;UN;0;0
6673;"CHAPA GUIA COM BATENTE #1/4"" (021106140)";CHAPAS;UN;0;0
6675;"DISCO BASE DO BALANCIN LF-R #5/16"" (021106233)";CHAPAS;UN;0;0
6676;"CHAPA SUPORTE DE SILICONE #1/8"" (021106519)";CHAPAS;UN;0;0
6677;"CHAPA RELÓGIO DA PUXADA #1/4"" (021106609)";CHAPAS;UN;0;0
6678;CHAPA SUPORTE DO BOTÃO ESCADA #2MM (021106739);CHAPAS;UN;0;0
6678;CHAPA SUPORTE DO BOTÃO ESCADA #2MM (021106739);CHAPAS;UN;0;0
6680;"ORELHA MENOR DA ELEVAÇÃO #5/16"" (021106718)";CHAPAS;UN;0;0
6681;"ORELHA MAIOR DA ELEVAÇÃO #5/16"" (021106717)";CHAPAS;UN;0;0
6682;"CHAPA BASE SUP. ROLETE DIANTEIRO #1/4"" (021106716)";CHAPAS;UN;0;0
6683;CHAPA SUPORTE DO BOTÃO X-6 #2MM (021106721);CHAPAS;UN;0;0
6684;CHAPA SUPORTE DE SILICONE X-6 #2MM (021106709);CHAPAS;UN;0;0
6685;"CHAPA BASE DO MOTOR X-6 #3/16"" (021106710)";CHAPAS;UN;0;0
6686;"CHAPA SUPORTE DO MOTOR X-6/X-4 GT #3/16"" (021106711)";CHAPAS;UN;0;0
6687;"CHAPA APOIO DO DECK X-6 #1/4""(021106712)";CHAPAS;UN;0;0
6688;"CHAPA BASE SUP. ROLETE TRAS. #1/4"" (021106715)";CHAPAS;UN;0;0
6689;"CHAPA SUPORTE ROLETE DIANTEIRO #1/4"" (021106714)";CHAPAS;UN;0;0
6690;"CHAPA SUPORTE ROLETE TRASEIRO #1/4"" (021106713)";CHAPAS;UN;0;0
6698;"CHAPA EMENDA DA BASE #3/16"" (021107461)";CHAPAS;UN;0;0
6699;"CHAPA DO MOTOR ESTEIRA REAB. #3/16"" (021107418)";CHAPAS;UN;0;0
6700;"ORELHA SUPERIOR DA ELEV. #3/8"" (021107406)";CHAPAS;UN;0;0
6701;ORELHA DOBRADA DA ART. #3/16 (021107407);CHAPAS;UN;0;0
6704;"CHAPA MAIOR DO DECK #1/4"" (021107411)";CHAPAS;UN;0;0
6711;"CHAPA BASE DO MOTOR X-3 GT #3/16"" (021107278)";CHAPAS;UN;0;0
6712;"CHAPA DE FIX. DO EIXO DIANT. X-3 GT #3/16"" (021107302)";CHAPAS;UN;0;0
6717;"CHAPA INTERNA DO PESCOÇO #1/4"" (021107423)";CHAPAS;UN;0;0
6718;"CHAPA EXTERNA DO PESCOÇO #1/4"" (021107422)";CHAPAS;UN;0;0
6719;"CHAPA LATERAL ELEV. REAB. #1/4"" (021107419)";CHAPAS;UN;0;0
6724;"CHAPA DE FIXAÇÃO DO EIXO TRAS. X-3 GT #1/8"" (021107291)";CHAPAS;UN;0;0
6725;"ORELHA INFERIOR DA ELEV. #5/16"" (021107421)";CHAPAS;UN;0;0
6734;"CHAPA BASE DO MOTOR X-4 GT #3/16"" (021106852)";CHAPAS;UN;0;0
6736;"CH. LATERAL CARRINHO AFUNDO #3/16"" (021106938)";CHAPAS;UN;0;0
6737;"CHAPA DISCO DE REG. COM FURO #3/16"" (021107116)";CHAPAS;UN;0;0
6738;"CHAPA DISCO DE REG. SEM FURO #3/16"" (021107117)";CHAPAS;UN;0;0
6742;"LATERAL DO GARFO DE 230MM #1/4"" (021101355)";CHAPAS;UN;0;0
6743;"CHAPA CATRACA MAIOR #1/4"" (021106834)";CHAPAS;UN;0;0
6746;"CH. REGULAGEM DA TRAVA #1/4"" (021106999)";CHAPAS;UN;0;0
6747;ORELHA SUPORTE DO BRAÇO (021107025);ORELHAS;UN;0;0
6748;ORELHA ARTICULADA DO BRAÇO (021107027);ORELHAS;UN;0;0
6753;"GUIA TENSIONADOR CORR. MANCAL #3/16"" (021106653)";CHAPAS;UN;0;0
6754;"CHAPA SUP. MANCAL DO ROLAMENTO #1/4"" (021106667)";CHAPAS;UN;0;0
6756;BUCHA PP DO ROLETE ELEV. PELV. (021107707);USINADOS;UN;0;0
6760;"CHAPA SUPORTE DA BASE #3/16"" (021107708) ";CHAPAS;UN;0;0
6761;"CHAPA SUPORTE DA BASE #3/16"" (021107710) ";CHAPAS;UN;0;0
6762;"CHAPA SUPORTE DA BASE #3/16"" (021107709)";CHAPAS;UN;0;0
6763;ORELHA DO BATENTE FREIO 3/16'' (021107712);ORELHAS;UN;0;0
6764;PONTEIRA PP 38MM (021107713);USINADOS;UN;0;0
6766;QUADRO DO SUPORTE BARRAS MONTADAS (PINTADO);QUADRO PINTADO;UN;0;0
6772;ESTICADOR DA MOLA (SUPINO THOR);CONJUNTOS E SUBCONJUNTOS;UN;0;0
6773;PORCA DA MOLA BATENTE (021107721);USINADOS;UN;0;0
6774;CHAPA 60X40 #1,5 (021102639);CHAPAS;UN;0;0
6776;CHAPA 80X40 #2,00 (021102638);CHAPAS;UN;0;0
6776;CHAPA 80X40 #2,00 (021102638);CHAPAS;UN;0;0
6778;BUCHA CALCO DO PISANTE (021107723);USINADOS;UN;0;0
6779;FLAUTA 1890MM 17 FUROS INOX (021107722) ;TUBOS;UN;0;0
6789;"CHAPA DOBRADA 150X100X50 #3/16"" (021102617)";CHAPAS;UN;0;0
6798;"MÃO FRANCESA DA PLATAFORMA #3/16"" (021107746) ";MÃO FRANCESA;UN;0;0
6799;"CHAPA TRAVA DE SEGURANCA #3/16"" (021107747) ";CHAPAS;UN;0;0
6802;"GANCHO DA TRAVA #1/4"" (021107748)";CHAPAS;UN;0;0
6804;"CHAPA APOIO DE OMBRO #3/16"" (021107749)  ";CHAPAS;UN;0;0
6805;"REFORCO DO APOIO DE OMBRO #3/16"" (021107750)   ";CHAPAS;UN;0;0
6809;"ORELHA DO BATENTE #1/4"" (021107759)";ORELHAS;UN;0;0
6810;EIXO DO BRAÇO 698MM (021107751) ;USINADOS;UN;0;0
6811;BUCHA 50MM (021107765) ;USINADOS;UN;0;0
6812;ORELHA DOBRADA DA CONEXAO CH.3/16'' (021107766) ;ORELHAS;UN;0;0
6827;EIXO 185MM (021107771);USINADOS;UN;0;0
6828;EIXO COM REBAIXO 245mm (021107773);USINADOS;UN;0;0
6829;"CH. PISANTE DOBRADO #3/16"" (021107776)";CHAPAS;UN;0;0
6830;FLAUTA 805MM INOX (021107785) ;TUBOS;UN;0;0
6833;MANCAL 135MM (021107797);USINADOS;UN;0;0
6834;MANCAL 180MM (021107798);USINADOS;UN;0;0
6837;EIXO 770MM (021107800);USINADOS;UN;0;0
6838;"CHAPA DO ENGATE #3/16"" (021107801) ";CHAPAS;UN;0;0
6845;BUCHA PP 50MM (021107804) ;USINADOS;UN;0;0
6850;"MÃO FRANCESA DO ANILHEIRO #3/16"" (021107806) ";MÃO FRANCESA;UN;0;0
6852;CHAPA REFORÇO DO FIRMA PÉ #1,5 (021105105);CHAPAS;UN;0;0
6853;"CHAPA DE APOIO #3/16"" (021107809) ";CHAPAS;UN;0;0
6859;EIXO 264MM (021107758);USINADOS;UN;0;0
6864;EIXO DA ROLDANA ABDUTOR 140mm (021107817);USINADOS;UN;0;0
6866;BUCHA DA ARTICULAÇÃO ABD. MENOR (021107788);USINADOS;UN;0;0
6867;BUCHA CONEXAO ADUTOR EM PÉ (021107754);USINADOS;UN;0;0
6868;EIXO COM REBAIXO DA EXCENTRICA (021107782);USINADOS;UN;0;0
6869;EIXO APOIO DO BRAÇO DE PESO (021107781);USINADOS;UN;0;0
6870;"CH. PISANTE ABDUTOR EM PÉ #3/16"" (021107778)";CHAPAS;UN;0;0
6871;"EXCENTRICA DA ARTICULAÇÃO CH.#3/16"" (021107795) ";CHAPAS;UN;0;0
6872;ORELHA DOBRADA DO BRAÇO CH.3/16'' (021107770) ;ORELHAS;UN;0;0
6873;"REFORÇO DO ANILHEIRO #3/16"" (021107818)";CHAPAS;UN;0;0
6874;"CH. EXCENTRICA DO BRAÇO DE PESO #3/16"" (021107780)";CHAPAS;UN;0;0
6885;CH. REF. PISANTE DE BORRACHA 199x15x#2,00 (021107610);CHAPAS;UN;0;0
6887;"ORELHA DE APOIO #1/4"" (021107825)";ORELHAS;UN;0;0
6888;BUCHA DO PÉ NIVELADOR (021107829) ;USINADOS;UN;0;0
6889;FLAUTA 400MM INOX (021107830);TUBOS;UN;0;0
6891;FLAUTA 270MM INOX (021107832);TUBOS;UN;0;0
6892;FLAUTA 400MM 7 FUROS INOX (021107833) ;TUBOS;UN;0;0
6894;FLAUTA 520MM INOX COM GUIA (4 FUROS) (021107848) ;TUBOS;UN;0;0
6897;EIXO DO GUIA DE 1665mm (021107845);USINADOS;UN;0;0
6898;"CH. TOPO DO GUIA COM ENCAIXE #5/16"" (021107850)";CHAPAS;UN;0;0
6899;"CH. BASE GUIA DO CARRINHO #5/16"" (021107849)";CHAPAS;UN;0;0
6900;"CH. BASE DO CARRINHO COM ENCAIXE #1/4"" (021107851)";CHAPAS;UN;0;0
6902;"CH. REGUA DE REGULAGEM #1/4"" (021107854)";CHAPAS;UN;0;0
6903;"MÃO FRANCESA DE REFORÇO #1/4"" (021107853)";MÃO FRANCESA;UN;0;0
6904;"ORELHA BATENTE CARRINHO 1/4"" (021107855)";ORELHAS;UN;0;0
6905;"CH. INTERNA DO CARRINHO 3/16"" (021107856)";CHAPAS;UN;0;0
6906;"CH. APOIO DO PISANTE 3/16"" (021107857) ";CHAPAS;UN;0;0
6907;"CH. ENCOSTO PARA JOELHO 3/16"" (021107858)";CHAPAS;UN;0;0
6908;"CH. APOIO DO ENCOSTO DO JOELHO 3/16"" (021107859)";CHAPAS;UN;0;0
6909;"CH. DO BATENTE DE REGULAGEM 3/16"" (021107860)";CHAPAS;UN;0;0
6920;TUBO DA PEGADA EMBORRACHADA (021107730);TUBOS;UN;0;0
6939;"LATERAL DO BATENTE CH.1/4"" (021107867)";CHAPAS;UN;0;0
6940;"BASE DO BATENTE DO FREIO CH. 1/4""(021107868) ";CHAPAS;UN;0;0
6941;"CHAPA DO TRAPEZOIDAL EXTENSOR/FLEXOR #1/4"" (021102936)";CHAPAS;UN;0;0
6942;MANCAL 530MM (021107738);USINADOS;UN;0;0
6943;EIXO DO FREIO MAIOR (021107869);USINADOS;UN;0;0
6944;BUCHA PP DO BANCO (021107870);USINADOS;UN;0;0
6948;"CH. DOBRADA DO BRAÇO ART. DIREITA LFR/PRÓ/IRIDIUM #3/16"" (021107873)";CHAPAS;UN;0;0
6955;MÃO FRANCESA MENOR 1/4''  (021107881);MÃO FRANCESA;UN;0;0
6956;MÃO FRANCESA MAIOR 1/4''  (021107880);MÃO FRANCESA;UN;0;0
6963;"LATERAL DO PÉ DE VELA SIM. ELIPTICO #5/8"" (021107933)";CHAPAS;UN;0;0
6964;MANCAL CENTRAL SIM. ELIPTICO (021107890);USINADOS;UN;0;0
6966;EIXO DO PÉ DE VELA SIM. ELIPTICO (021107891);USINADOS;UN;0;0
6967;ROLDANA CANAL DUPLO 110mm PP(021107893);USINADOS;UN;0;0
6969;ROLDANA CANAL DUPLO 90mm PP(021107894);USINADOS;UN;0;0
6972;BUCHA GUIA DO ESTICADOR PP (021107897);USINADOS;UN;0;0
6973;TUBO DA BUCHA DO GUIA (021107898);USINADOS;UN;0;0
6974;BUCHA DO PARAFUSO  (021107899);USINADOS;UN;0;0
6975;BUCHA DA REGULAGEM BATENTE PP (021107903);USINADOS;UN;0;0
6976;"CH. CENTRAL DO TRAVA CABO #1/2"" (021107900)";CHAPAS;UN;0;0
6977;"CH. SUPORTE DO TRAVA CABO #3/8"" (021107902)";CHAPAS;UN;0;0
6982;TRAVA CABO MONTADO CABO DUPLO 021107927;CONJUNTOS E SUBCONJUNTOS;UN;0;0
6983;SISTEMA ESTICADOR CABO DUPLO (021107926);CONJUNTOS E SUBCONJUNTOS;UN;0;0
6986;"CHAPA DA ARTICULAÇÃO #1/4"" (021107919)";CHAPAS;UN;0;0
6987;"CHAPA DO MEIO MAIOR #3/16"" (021107916)";CHAPAS;UN;0;0
6988;"CHAPA DO MEIO MENOR #3/16"" (021107915)";CHAPAS;UN;0;0
6989;"CHAPA DA REGULAGEM DO ASSENTO #3/16"" (021107997)";CHAPAS;UN;0;0
6990;"CHAPA DO ENCOSTO #3/16"" (021107917)";CHAPAS;UN;0;0
6991;"CHAPA TRAVA MENOR #3/16"" (021107918)";CHAPAS;UN;0;0
6994;"CH. SUPORTE DO HALTERS EMBORRACHADO #3/16"" (021107929)";CHAPAS;UN;0;0
6998;"TAMPA PARA TUBO Ø1.1/2"" #2,00 (021107932)";CHAPAS;UN;0;0
7002;"CHAPA DO SUPORTE #1/4"" (021107934)";CHAPAS;UN;0;0
7004;"CHAPA DO GUIA MAIOR 1/8"" (021107935) ";CHAPAS;UN;0;0
7005;BOLA GRANDE DO CABO DUBLO (021107931) ;USINADOS;UN;0;0
7008;"CH. ENCOSTO DO BRAÇO 3/16"" (021107840) ";CHAPAS;UN;0;0
7009;"CHAPA DOBRADA APOIO DE BRAÇO #1/4"" (021107842) ";CHAPAS;UN;0;0
7012;"USINHO PARA FIXAÇÃO DE CABOS 1/8"" (021100180)";CHAPAS;UN;0;0
7013;CH. DE INOX PANTURRILHA SENTADA #INOX 2,00 (021107939);CHAPAS;UN;0;0
7014;BATENTE PP DA REGUA (021107940);USINADOS;UN;0;0
7018;CALÇO DA PEGADA 5mm (021107965);CHAPAS;UN;0;0
7024;"ORELHA DA ROLDANA DO CARRINHO PISANTE CH.#3/16"" (021107993) ";CHAPAS;UN;0;0
7025;"PLATAFORMA DO REMO #3/16"" (021107987) ";CHAPAS;UN;0;0
7028;"ORELHA SUPORTE DA RODINHA CH.#3/16"" (021107988) ";CHAPAS;UN;0;0
7029;"ORELHA DA PEGADA COM DETALHE CH.#3/16"" (021107994)";CHAPAS;UN;0;0
7033;"ASSENTO DO CARRINHO CH.#3/16"" (021107986)";CHAPAS;UN;0;0
7035;"ORELHA DO BATENTE CARRINHO DO PISANTE CH.#3/16"" (021107978)";CHAPAS;UN;0;0
7037;"ORELHA DO BATENTE INFERIOR CH.#3/16""(021107968)";CHAPAS;UN;0;0
7038;"BASE SUPERIOR DO TRILHO CH.#1/4"" (021107979)";CHAPAS;UN;0;0
7039;"CH. BATENTE DO CARRINHO DO PISANTE CH.#3/16"" (021107971)";CHAPAS;UN;0;0
7044;"CHAPA DO BATENTE #3/16"" (021107996)";CHAPAS;UN;0;0
7046;TRAVA CABO ESTICADOR FEMEA (021107905);USINADOS;UN;0;0
7046;TRAVA CABO ESTICADOR FEMEA (021107905);USINADOS;UN;0;0
7047;TRAVA CABO ESTICADOR MACHO (021107904) ;USINADOS;UN;0;0
7047;TRAVA CABO ESTICADOR MACHO (021107904) ;USINADOS;UN;0;0
7053;"ORELHA DO BRAÇO ARTICULADO CH.#5/16"" (021107999)";ORELHAS;UN;0;0
7054;EIXO DOS GUIA ASSENTO 675mm (021107950) ;USINADOS;UN;0;0
7056;BUCHA PP DO BATENTE (021107948) ;USINADOS;UN;0;0
7057;"ORELHA DA PEGADA CENTRAL CH.#5/16"" (021107954)";ORELHAS;UN;0;0
7059;"CH. BATENTE DO BRAÇO 3/16"" (021107951) ";CHAPAS;UN;0;0
7060;"MÃO FRANCESA PISANTE CH 3/16"" (021107952)";MÃO FRANCESA;UN;0;0
7061;"PISANTE DO BRAÇO CH 3/16"" (021107953) ";CHAPAS;UN;0;0
7067;"ENCOSTO TRASEIRO DO GUIA CH. #1/4"" (021107961) ";CHAPAS;UN;0;0
7071;"CHAPA DO CARRETEL CARRINHO PLATAFORMA #1/4"" (021107989)";CHAPAS;UN;0;0
7072;"MÃO FRANCESA BATENTE CARRO PLATAFORMA CH. #1/4"" (021107990)";CHAPAS;UN;0;0
7073;"CHAPA DE REGULAGEM ENCOSTO#3/16"" (021107998)";CHAPAS;UN;0;0
7075;EIXO 140MM 1/2'' (021108003);USINADOS;UN;0;0
7087;"REFORÇO MENOR DO BANCO #1/8"" (021108010)";CHAPAS;UN;0;0
7088;"REFORÇO MAIOR DO BANCO #1/8"" (021108011)";CHAPAS;UN;0;0
7108;"CHAPA BASE DO ESTICADOR #3/16"" (021108023)";CHAPAS;UN;0;0
7109;BUCHA DO ESTICADOR DO ROLETE (021108024);USINADOS;UN;0;0
7119;"ORELHA 60MM COM ABA #3/16"" (021108031) ";ORELHAS;UN;0;0
7126;"ORELHA DO MANCAL DA ARTICULAÇÃO #3/16"" (021108033)";CHAPAS;UN;0;0
7131;EIXO RETIFICADO 400mm (021108032);USINADOS;UN;0;0
7133;CALÇO DO EIXO 5MM (021108038) ZINCADO;USINADOS;UN;0;0
7142;"PEGADA CENTRAL SUPERIOR FISIO Ø1 1/2""x#2,00 800MM";TUBOS;UN;0;0
7156;FLAUTA 388MM INOX (08 FUROS) - 021108050;TUBOS;UN;0;0
7170;"SUPORTE DA CAREN. IRIDIUM #1/8"" (021108062)";CHAPAS;UN;0;0
7171;"LATERAL PÉ DE VELA CORTE CH.3/4"" (021108061)";CHAPAS;UN;0;0
7176;"CHAPA APOIO DO ABDOMINAL #3/16"" (021108065)";CHAPAS;UN;0;0
7179;FLAUTA 305MM 8 FUROS (021108069);TUBOS;UN;0;0
7194;"CH. CANT. DA COLUNA X-4 ESQUERDA #3/16"" (021108072)";CHAPAS;UN;0;0
7195;CH. CANT. DA COLUNA X-4 DIREITO (021108073);CHAPAS;UN;0;0
7214;CHAPA INOX PISANTE DO ABDUTOR #INOX 2,00 (021108081);CHAPAS;UN;0;0
7215;BUCHA SECA ABDUTOR EM PÉ (021108082);USINADOS;UN;0;0
7216;"ORELHA COM RECORTE 180MM #1/4"" (021108080)";ORELHAS;UN;0;0
7217;PP SUPORTE DO CABO 33mm (021108079);USINADOS;UN;0;0
7217;PP SUPORTE DO CABO 33mm (021108079);USINADOS;UN;0;0
7218;BUCHA PP 48MM (021108083) ;USINADOS;UN;0;0
7220;TAMPA DA REMADA 115 CH. #2,00 (021108085);CHAPAS;UN;0;0
7226;GUIA DE PESO INOX 1.895MM (021108142);TUBOS;UN;0;0
7234;LOGOTIPO LEÃO CH.#1,20MM (021108095);CHAPAS;UN;0;0
7249;"CHAPA SUPERIOR DA ESTAÇÃO  #3/16"" (021108093)";CHAPAS;UN;0;0
7250;"CHAPA INFERIOR DA ESTAÇÃO  #3/16"" (021108092)";CHAPAS;UN;0;0
7252;CH.INOX REGULAGEM ELEV. PELVICA #INOX 2,00 (021108101) ;CHAPAS;UN;0;0
7253;"ORELHA DA ABRACADEIRA FURO CENTRAL 3/16"" (021108102)";CHAPAS;UN;0;0
7257;CAR. IRIDIUM COM RECORTE (021108104);CHAPAS;UN;0;0
7260;FLAUTA 550MM INOX SEM FURO (021108107);TUBOS;UN;0;0
7269;PÉ DE APOIO DE SEGURANÇA 50X50X#2,25 (021101565) ;TUBOS;UN;0;0
7270;PÉ DE APOIO 60X40X#2,00 (021104548);TUBOS;UN;0;0
7272;EIXO DA MOLA GÁS MENOR (021108111) ;USINADOS;UN;0;0
7281;BUCHA 500MM Ø2 1/2'' (021104533);USINADOS;UN;0;0
7296;EIXO 125MM (021108119);USINADOS;UN;0;0
7297;"CH.BASE ORELHAS ARTICULAÇÃO #1/4"" (021108120)";CHAPAS;UN;0;0
7301;CH.INOX PISANTE DO BRAÇO #INOX 2,00 (021108124);CHAPAS;UN;0;0
7318;CHAPA APOIO DA BASE #1/4'' (021108125) ;CHAPAS;UN;0;0
7321;"CHAPA FRONTAL PISANTE #1/4"" (021108128)";CHAPAS;UN;0;0
7322;EIXO DIANT. DA PLATAFORMA MENOR (021108129) ;USINADOS;UN;0;0
7323;"ORELHA ARTICULAÇÃO DO BRAÇO #1/4"" (021108130)";CHAPAS;UN;0;0
7325;BUCHA ARTICULAÇÃO DO PISANTE (021108132);USINADOS;UN;0;0
7326;BUCHA PP ARTICULAÇÃO DO PISANTE (021108133);USINADOS;UN;0;0
7329;FLAUTA 270MM PADRÃO INOX (021108144);TUBOS;UN;0;0
7336;MANCAL DIANTEIRO DO SIMULADOR (021108145) ;USINADOS;UN;0;0
7337;"MÃO FRANCESA PISANTE LEG 180 CH.#1/4"" (021108146)";MÃO FRANCESA;UN;0;0
7338;CAR. IRIDIUM S/ FURO 1730mm (021108147) ;CHAPAS;UN;0;0
7339;CAR. LEG 180 PRÓ S/ FURO (021108149);CHAPAS;UN;0;0
7340;CAR. LEG 180 PRÓ C/ FURO (021108152);CHAPAS;UN;0;0
7341;"CHAPA CONEXÃO SUPERIOR #1/4"" (021108143)";CHAPAS;UN;0;0
7343;EIXO LIMITADOR DO BRAÇO MAIOR (021108153);USINADOS;UN;0;0
7347;"MÃO FRANCESA DA CONEXÃO #1/4"" (021108155)";MÃO FRANCESA;UN;0;0
7348;"MAO FRANCESA REFORÇO DO BRAÇO #3/16"" (021108156)";MÃO FRANCESA;UN;0;0
7349;"CAPA ROLDANA PUXADA 2X1 #1/8"" (021108157) ";CHAPAS;UN;0;0
7353;CHAPA CONTRA PESO REDONDA Ø60 #2mm (021108159);CHAPAS;UN;0;0
7354;CONEXÃO PEGADA PELVICA #1/4'' (021108160) ;CHAPAS;UN;0;0
7355;CONEXÃO CENTRAL PELVICA #1/4'' (021108161) ;CHAPAS;UN;0;0
7356;FLAUTA 400MM 10FUROS MANIPLO (021108163) ;TUBOS;UN;0;0
7357;GUIA DE PESO INOX 1930 MM (021108091) ;TUBOS;UN;0;0
7358;CHAPA ARGOLA TRAVA CABO ROTATIVO #1/4'' (021108164) ;CHAPAS;UN;0;0
7360;BUCHA DA CHAPA TRAVA CABO (021108166) ;USINADOS;UN;0;0
7361;EIXO TRAVA CABO ROTATIVO (021108165);USINADOS;UN;0;0
7362;BUCHA PP TRAVA CABO ROTATIVO (021108167);USINADOS;UN;0;0
7363;TRAVA CABO ROTATIVO SOLDADO;CONJUNTOS E SUBCONJUNTOS;UN;0;0
7366;ORELHA DA CARENAGEM Ø4'' (021108099);ORELHAS;UN;0;0
7367;CAR. CROSS STATION #1,2MM (021108100);CHAPAS;UN;0;0
7369;TAMPA DO GUIDÃO Ø1/4'' #1,2MM (021108169) ;CHAPAS;UN;0;0
7370;"CHAPA DE REGULAGEM SUPINO REGULAVEL#1/4"" (021108171)";CHAPAS;UN;0;0
7374;REFORÇO DA FLAUTA #1/4'' (021102924);CHAPAS;UN;0;0
7379;ROLDANA DA RÉGUA;CONJUNTOS E SUBCONJUNTOS;UN;0;0
7391;"SUPORTE DO PAINEL CH.#1/8"" (021108185)";CHAPAS;UN;0;0
7405;"INOX REGUA DE REGULAGEM 1/4"" (021108201) ";CHAPAS;UN;0;0
7406;TUBO BATENTE REMADA (021107018) ;USINADOS;UN;0;0
7407;INOX DA REGUA GLUTEO GUIADO #CH. INOX 2MM (021108203);CHAPAS;UN;0;0
7411;INOX DA ORELHA ROLETE  #CH. INOX 2MM (021108204) ;CHAPAS;UN;0;0
7424;INOX DA PLATAFORMA MAIOR #INOX 2,00 (021108239);CHAPAS;UN;0;0
7425;INOX DA BASE CARRINHO #INOX 2,00 (021108237);CHAPAS;UN;0;0
7426;INOX DA ENCOSTO CARRINHO #INOX 2,00 (021108238);CHAPAS;UN;0;0
7430;FLAUTA 295MM INOX (021108241);TUBOS;UN;0;0
7434;CH. INOX PISANTE TUBO GRAVITON #CH.INOX 2MM(021108214);CHAPAS;UN;0;0
7437;BASE COM RASGO LFR (021108242) ;TUBOS;UN;0;0
7443;TRAVA DA TORRE CROSSMITH (021106209);TUBOS;UN;0;0
7455;BUCHA DO SUPINO REGULAVEL (021108222);USINADOS;UN;0;0
7467;CONTRA PESO TREFILADO DO AGACHAMENTO (11KG);CONJUNTOS E SUBCONJUNTOS;UN;0;0
7472;CALÇO DO EIXO 3MM (021108231);USINADOS;UN;0;0
7477;TRAVA REGULADOR DA PEGADA (021107558);USINADOS;UN;0;0
7482;GUIA DE PESO INOX 1236 MM ;TUBOS;UN;0;0
7486;"ORELHA TRAVA DO FREIO E TENCIONADOR #5/16"" (021108248)";ORELHAS;UN;0;0
7487;"ORELHA ESQUERDA DO TENCIONADOR #1/4"" (021108249)";ORELHAS;UN;0;0
7488;EIXO MAIOR TENCIONADOR (021108250);USINADOS;UN;0;0
7489;EIXO MENOR TENCIONADOR (021108251);USINADOS;UN;0;0
7489;EIXO MENOR TENCIONADOR (021108251);USINADOS;UN;0;0
7496;GUIA DE PESO INOX 1.160MM (021108260);TUBOS;UN;0;0
7497;"CHAPA DA BARRA GUIADA #1/4"" (021108259)";CHAPAS;UN;0;0
7498;BUCHA 88MM DA BARRA GUIADA (021108253);USINADOS;UN;0;0
7499;"CH.TAMPA SUPERIOR BARRA GUIADA #3/16"" (021108261)";CHAPAS;UN;0;0
7500;BARRA LINEAR 2120 DO AGACHAMENTO (021108262);USINADOS;UN;0;0
7504;BUCHA MAIOR TENCIONADOR LEG ARTICULADO (021108252) ;USINADOS;UN;0;0
7505;"ORELHA DUPLA DO TENCIONADOR#5/16"" (021108255)";ORELHAS;UN;0;0
7507;ORELHA CURVA TENCIONADOR CH.#1/4'' (021108256);ORELHAS;UN;0;0
7508;ORELHA MENOR TENCIONADOR CH.#1/4'' (021108257);ORELHAS;UN;0;0
7509;ORELHA MAIOR TENCIONADOR CH.#1/4'' (021108258);ORELHAS;UN;0;0
7510;PISANTE DE INOX ESTAÇÃO #INOX 2,00 (021108265);CHAPAS;UN;0;0
7519;BUCHA PP EXCENTRICA EXT. (021108268);USINADOS;UN;0;0
7537;"CHAPA DO CARRINHO ANILHEIRO #1/4"" (021108310)";CHAPAS;UN;0;0
7538;BUCHA PP DO FREIO (021108313);USINADOS;UN;0;0
7539;EIXO DO FREIO 295MM ZINCADO (021108287);USINADOS;UN;0;0
7540;REFORÇO DO BRAÇO CH.#1/4 (021108297) ;CHAPAS;UN;0;0
7541;EIXO MAIOR DO AGACHAMENTO 550MM (021108309);USINADOS;UN;0;0
7542;"CHAPA TAMPA DO REFORÇO #1/4"" (021108298)";CHAPAS;UN;0;0
7543;"TAMPA DA ALAVANCA #3/16"" (021108295) ";CHAPAS;UN;0;0
7544;"ORELHA DA TORRE ART. #3/16"" (021108294)";ORELHAS;UN;0;0
7545;"CHAPA PISANTE #3/16""  (021108291)";CHAPAS;UN;0;0
7546;"ORELHA DO FREIO #3/16"" (021108296)";ORELHAS;UN;0;0
7548;"REGUA DE REGULAGEM BELT #5/16"" CROMADO (021108293)";CHAPAS;UN;0;0
7549;CHAPA DE INOX PISANTE ESQUERDO #2,00 INOX (021108292);CHAPAS;UN;0;0
7552;"CHAPA CONEXÃO DA REGUA #3/16"" (021108290)";CHAPAS;UN;0;0
7563;"CH. SUPERIOR DA ARTICULAÇÃO DO BRAÇO #1/4"" (021108332)";CHAPAS;UN;0;0
7564;"MÃO FRANCESA DO ASSENTO PUXADA VERTICAL #3/16"" (021108314) ";MÃO FRANCESA;UN;0;0
7566;"MÃO FRANCESA DO BATENTE #1/4"" (021108327)";MÃO FRANCESA;UN;0;0
7567;"CH. ROTULA DO MANCAL ABERTA #1/4"" (021108326) ";CHAPAS;UN;0;0
7568;"CH. ROTULA DO MANCAL FECHADA #1/4"" (021108325)";CHAPAS;UN;0;0
7569;"MÃO FRANCESA DA ARTICULAÇÃO #1/4"" (021108324)";MÃO FRANCESA;UN;0;0
7571;"REFORÇO DA REGULAGEM ROLETE #1/4"" (021108322)";CHAPAS;UN;0;0
7572;"CHAPA PLATAFORMA TRASEIRA PUXADA VERTICAL #1/4"" (021108321)";CHAPAS;UN;0;0
7573;"RELOGIO TORRE PUXADA VERTICAL #1/4"" (021108320) ";CHAPAS;UN;0;0
7574;"CHAPA PLATAFORMA FRONTAL PUXADA VERTICAL #1/4"" (021108316)";CHAPAS;UN;0;0
7575;"MAO FRANCESA PLATAFORMA FRONTAL PUXADA VERTICAL #1/4"" (021108315)";MÃO FRANCESA;UN;0;0
7576;"CH. BRAÇO DE REGULAGEM #5/16"" (021108318) ";CHAPAS;UN;0;0
7577;CONTRA PESO 200mm (021108331);USINADOS;UN;0;0
7578;EIXO MAIOR DA ROTULA ARTICULADA (021108333);USINADOS;UN;0;0
7579;EIXO COM REBAIXO 60mm (021108319);USINADOS;UN;0;0
7580;EIXO COM REBAIXO DO BRAÇO 220mm (021108336);USINADOS;UN;0;0
7581;CALCO DA ROTULA ARTICULADA (021108335);USINADOS;UN;0;0
7582;"CHAPA INFERIOR DO ELASTICO #1/4"" (021108346)";CHAPAS;UN;0;0
7583;"CHAPA SUPERIOR DO ELASTICO #1/4"" (021108347) ";CHAPAS;UN;0;0
7585;"REFORÇO DAS TORRES #5/16"" (021108348)";CHAPAS;UN;0;0
7589;BUCHA DO FREIO (021108286);USINADOS;UN;0;0
7591;CALCO DA ROTULA ARTICULADA MAIOR (021108350) ;USINADOS;UN;0;0
7593;"CH. LATERAL DA TRAVA SEGURANÇA SEM FURO #1/4"" (021108354)";CHAPAS;UN;0;0
7595;"CH. FREIO SEM FURO TRAVA DE SEGURANÇA #1/4"" (021108357) ";CHAPAS;UN;0;0
7596;"CH. FREIO FURADA TRAVA DE SEGURANÇA #1/4"" (021108358)";CHAPAS;UN;0;0
7597;CH. BASE DA TRAVA DE SEGURANÇA CH.#1-4'' (021108359) ;CHAPAS;UN;0;0
7598;ARRUELA DA TRAVA DE SEGURANÇA MAIOR (021108360);USINADOS;UN;0;0
7599;CAPA DO EIXO DA TRAVA NOVA (021108361) ;USINADOS;UN;0;0
7600;BUCHA DE FERRO TRAVA DE SEGURANÇA  (021108362);USINADOS;UN;0;0
7603;CH. INOX FURADO COM REGULAGEM DE SEGURANÇA #INOX 2,00 (021108363;CHAPAS;UN;0;0
7604;CH. INOX LISA COM REGULAGEM DE SEGURANÇA #INOX 2,00 (021108364);CHAPAS;UN;0;0
7607;"CH. LATERAL DA TRAVA SEGURANÇA FURADA #1/4"" (021108355)";CHAPAS;UN;0;0
7609;MÃO FRANCESA DA TORRE - TRICEPS PARALELO (021105923);TUBOS;UN;0;0
7610;PONTEIRA DE ALUMINIO COM FURO (021108366);USINADOS;UN;0;0
7611;"MÃO FRANCESA DO EXTENSOR #1/4"" (021108368)";MÃO FRANCESA;UN;0;0
7613;BUCHA DA ROTULA ESQUERDA (021108369);USINADOS;UN;0;0
7614;BUCHA DA ROTULA DIREITA (021108370);USINADOS;UN;0;0
7616;INOX DO RELOGIO TORRE PUXADA VERTICAL #INOX 2,00 (021108371);CHAPAS;UN;0;0
7617;CH INOX APOIO DA BARRA - #2MM (021108372);CHAPAS;UN;0;0
7618;"CHAPA ALAVANCA EXTERNA #3/8"" (021108373) ";CHAPAS;UN;0;0
7619;"CHAPA ALAVANCA INTERNA #3/8"" (021108374)  ";CHAPAS;UN;0;0
7620;FLAUTA 300MM 15° FURO MENOR (021108376);TUBOS;UN;0;0
7621;FLAUTA 300MM 25° FURO MAIOR (021108375);TUBOS;UN;0;0
7628;TAPETE DE INOX REDONDO 450mm (021108378);TUBOS;UN;0;0
7629;INOX DA PLATAFORMA TRASEIRA #INOX 2,00 (021108367);CHAPAS;UN;0;0
7630;INOX DA PLATAFORMA FRONTAL #INOX 2,00 (021108356);CHAPAS;UN;0;0
7633;TUBO DE APOIO DO OMBRO (021105935);TUBOS;UN;0;0
7635;"ORELHA DESCANÇO DO BRAÇO #1/4"" (021108384) ";ORELHAS;UN;0;0
7636;EIXO DO BATENTE DO ROLETE (021108381);USINADOS;UN;0;0
7638;PORCA SEXT. M18x1.5 ESQ (021108382);USINADOS;UN;0;0
7639;"MÃO FRANCESA DO EIXO DO BRAÇO #3/16"" (021108387)";MÃO FRANCESA;UN;0;0
7640;CINTO SQUAT BELT;CONJUNTOS E SUBCONJUNTOS;UN;0;0
7641;EIXO LIMITADOR DO BRAÇO (021108388);USINADOS;UN;0;0
7642;PP DO LIMITADOR DO BRAÇO  EXT/-FLEX (021108389);USINADOS;UN;0;0
7651;BUCHA HASTE DA ROTULA DA PUXADA (021108330);USINADOS;UN;0;0
7658;EIXO 425MM EM ALUMINIO (021108397);USINADOS;UN;0;0
7666;EIXO DA ROLDANA 37mm (021108035);USINADOS;UN;0;0
7667;EIXO DA ARTICULAÇÃO 364mm(021107992);USINADOS;UN;0;0
7670;BUCHA MENOR DO CONDUITE (021107984);USINADOS;UN;0;0
7671;MANCAL 315mm (021107982);USINADOS;UN;0;0
7672;"CAPA DE ROLDANA PESCOÇO #3/16"" (021107967)";CHAPAS;UN;0;0
7676;EIXO DE 364MM (021108405);USINADOS;UN;0;0
7683;"ORELHA DA RODINHA LF-450 CH.#1/4"" (021108406)";CHAPAS;UN;0;0
7684;"ORELHA DA PEGADA TRASEIRA CH.#1/4"" (021108407) ";CHAPAS;UN;0;0
7687;INOX DA PLATAFORMA REMO #INOX 2,00 (021108401);CHAPAS;UN;0;0
7693;ANILHEIRO DOBRADO SIMULADOR DE REMO (021108412);TUBOS;UN;0;0
7694;"CH. BASE EM L DO BATENTE CH.#1/4"" (021108413)";CHAPAS;UN;0;0
7695;"CH. BASE DO BATENTE INFERIOR CH.#1/4"" (021108414)";CHAPAS;UN;0;0
7698;LIMITADOR DO CABO COM REBAIXO (021108403);USINADOS;UN;0;0
7702;BARRA LINEAR 2015 DO CROSSMITH (021108415);USINADOS;UN;0;0
7708;GUIA LATERAL DO CARRINHO (021108419);USINADOS;UN;0;0
7711;CH. INOX PISANTE MENOR REMADA GUIADA #INOX 2,00 (021108441);CHAPAS;UN;0;0
7712;CH. INOX PISANTE MAIOR REMADA GUIADA #INOX 2,00 (021108440);CHAPAS;UN;0;0
7713;"CH. GUIA PILLOW BLOCK #1/4"" (021108420)";CHAPAS;UN;0;0
7714;"MAO FRANCESA CARRINHO #3/16"" (021108421)";MÃO FRANCESA;UN;0;0
7715;"FLANGE DA PEGADA REMADA GUIADA #5/16"" (021108422)";CHAPAS;UN;0;0
7716;"MAO FRANCESA DO GUIA CH.#3/16"" (021108423)";MÃO FRANCESA;UN;0;0
7717;"CH. BATENTE DO CARRINHO #1/4"" (021108424)";CHAPAS;UN;0;0
7718;"ORELHA TRAVA GUIADA DA FLAUTA #1/4"" (021108425)";ORELHAS;UN;0;0
7719;"ORELHA BANCO REMADA GUIADA #1/4"" (021108426)";ORELHAS;UN;0;0
7720;"FLANGE DA PEGADA Ø75mm CH.#3/16"" (021108427)";CHAPAS;UN;0;0
7721;"CH. DOBRADA GUIA DA BARRA 3/16"" (021108429)";CHAPAS;UN;0;0
7722;"CH. DOBRADA PISANTE REMADA GUIADA 3/16"" (021108428)";CHAPAS;UN;0;0
7725;"ORELHA DOBRADA DA FLAUTA #1/4"" (021108444)";ORELHAS;UN;0;0
7726;TREFILADO DA PEGADA 925MM (021108443);USINADOS;UN;0;0
7727;PEGADA CENTRAL EMBORRACHADA REMADA GUIADA 45°;CONJUNTOS E SUBCONJUNTOS;UN;0;0
7746;BUCHA INTERNA PEGADA REMADA GUIADA (021108456);USINADOS;UN;0;0
7752;EIXO DA PEGADA MAIOR (021108459);USINADOS;UN;0;0
7753;QUADRO BARRA REMADA KAYAK (EMBORRACHADO);CONJUNTOS E SUBCONJUNTOS;UN;0;0
7754;CAPA DE INOX 750mm (021108458);TUBOS;UN;0;0
7758;TORRE DOBRADA CENTRAL PUXADA VERTICAL (021108303);TUBOS;UN;0;0
7759;BASE DOBRADA TRASEIRA DIR. (021108270);TUBOS;UN;0;0
7760;TUBO DE APOIO DA TORRE (021105934);TUBOS;UN;0;0
7761;BASE LATERAL DO QUADRO (021109489);TUBOS;UN;0;0
7762;BASE DO CONJUNTO (021109608);TUBOS;UN;0;0
7763;BRAÇO SUPINO DECLINADO ESQ. (021105544);TUBOS;UN;0;0
7764;TRAVA DO BANCO DECLINADO (021105673);TUBOS;UN;0;0
7765;TRAVA SUPERIOR DECLINADO (021105671);TUBOS;UN;0;0
7766;TRAVA INFERIOR DECLINADO (021105670);TUBOS;UN;0;0
7767;BRAÇO REMADA SENTADA ESQ. (021109696);TUBOS;UN;0;0
7768;APOIO FRONTAL DA BASE DIR. (021105510);TUBOS;UN;0;0
7769;TUBO APOIO DE PEITO (021105655);TUBOS;UN;0;0
7770;TRAVA DA BASE PUXADA ALTA (021105561);TUBOS;UN;0;0
7771;BRAÇO DIREITO DA PUXADA ALTA 2017 (021105565);TUBOS;UN;0;0
7772;TRAVA SUP. DA PUXADA ALTA (021105656);TUBOS;UN;0;0
7773;BASE (021107049);TUBOS;UN;0;0
7775;BASE CENTRAL FLEXOR UNILATERAL (021107441);TUBOS;UN;0;0
7776;TRAVA DO PÉ FLEXOR UNILATERAL (021107444);TUBOS;UN;0;0
7777;CURVA DA TORRE (021105910);TUBOS;UN;0;0
7778;CURVA DO ASSENTO (021105909);TUBOS;UN;0;0
7779;TRAVA INFERIOR DO BANCO (021105497);TUBOS;UN;0;0
7780;TRAVA INFERIOR DA TORRE (021105490);TUBOS;UN;0;0
7781;TRAVA SUPERIOR DA TORRE (021105489);TUBOS;UN;0;0
7782;TRAVESSA LATERAL INFERIOR (021105487);TUBOS;UN;0;0
7783;BRAÇO DESENV. OMBROS 2017 (021105486);TUBOS;UN;0;0
7784;BASE BICEPS UNILATERAL DIR (021107594);TUBOS;UN;0;0
7785;BASE DO ABDUTOR EM PÉ (021107724);TUBOS;UN;0;0
7786;TRAVESSA LATERAL SUPINO DIR. (021109959);TUBOS;UN;0;0
7787;MAO FRANCESA DO ENCOSTO (021107052);TUBOS;UN;0;0
7788;BRAÇO (021107054);TUBOS;UN;0;0
7791;CURVA FLEXOR UNILATERAL (021107440);TUBOS;UN;0;0
7792;BRAÇO DO PESO ABDUTOR EM PÉ (021107728);TUBOS;UN;0;0
7793;PESCOÇO CENTRAL ABDUTOR EM PÉ (021107729);TUBOS;UN;0;0
7794;ANILHEIRO BICEPS UNILATERAL DIR. (021107597);TUBOS;UN;0;0
7795;BRAÇO DO BICEPS UNILATERAL ESQ. (021107596);TUBOS;UN;0;0
7796;PEGADA BICEPS UNILATERAL (021107595);TUBOS;UN;0;0
7797;PEGADA DESENVOLV. OMBRO CONVERGENTE DIR. (021105498);TUBOS;UN;0;0
7798;PEGADA DIR. PEITORAL INCLINADO (021107055);TUBOS;UN;0;0
7799;BRAÇO DOBRADO DO PESO DIREITO (021108304);TUBOS;UN;0;0
7821;"CHAPA ALAVANCA REGULAGEM CRUZETA #3/16"" (021108472)";CHAPAS;UN;0;0
7822;"CHAPA ALAVANCA REGULAGEM FLAUTA #3/16"" (021108473)";CHAPAS;UN;0;0
7824;"CHAPA ORELHA COM ABA DA CRUZETA (PAR) #3/16"" (021108475)";CHAPAS;UN;0;0
7825;"CHAPA PONTA ALAVANCA REGULAGEM CRUZETA #3/16"" (021108476)";CHAPAS;UN;0;0
7826;"CHAPA RELOGIO CRUZETA ESTEIRA FISIO #3/16"" (021108477)";CHAPAS;UN;0;0
7827;"CHAPA SUPORTE DA FLAUTA FISIO #3/16"" (021108478)";CHAPAS;UN;0;0
7830;"CHAPA TAMPA TUBO 100X50 #1/8"" (021108481)";CHAPAS;UN;0;0
7831;BUCHA DA EMENDA ESTEIRA FISIO (021108487);USINADOS;UN;0;0
7832;BUCHA INFERIOR DA CRUZETA (021108488);USINADOS;UN;0;0
7833;BUCHA REGULAGEM DA FLAUTA (021108489);USINADOS;UN;0;0
7834;EIXO SUPORTE MOLA CRUZETA (021108490);USINADOS;UN;0;0
7835;FLAUTA DE REGULAGEM DO CORRIMÃO DIREITO (021108491);TUBOS;UN;0;0
7837;TRAVA DA FLAUTA ESTERIA FISIO (021108493);USINADOS;UN;0;0
7839;FLAUTA DE REGULAGEM DO CORRIMÃO ESQUERDO (021108528);TUBOS;UN;0;0
7840;GUIA DE REGULAGEM DA CRUZETA (021108530);USINADOS;UN;0;0
7847;"CHAPA SUPORTE DO BATENTE CH.#3/16"" (021108504)";CHAPAS;UN;0;0
7868;BUCHA DA ALAVANCA (021108520);USINADOS;UN;0;0
7871;ESPAÇADOR DA BUCHA 3mm ZINCADO (021108523);USINADOS;UN;0;0
7872;TRAVA DA REGULAGEM DO BANCO ZINCADO (021108524);USINADOS;UN;0;0
7872;TRAVA DA REGULAGEM DO BANCO ZINCADO (021108524);USINADOS;UN;0;0
7875;CAR. IRIDIUM COM FURO E RASGO (021108536);CHAPAS;UN;0;0
7877;FLAUTA 2055MM 18 FUROS INOX CROSS OVER (021108539);TUBOS;UN;0;0
7880;BUCHA ROSCADA REGULADOR DO DINAMO (021108535);USINADOS;UN;0;0
7882;CHAPA SUP. VISOR BIKE LF-450 #AL.LISO (021108546);CHAPAS;UN;0;0
7883;CHAPA INF. TECLADO BIKE LF-450 #AL.LISO (021108545);CHAPAS;UN;0;0
7888;RODA LF-450 MONTADA (021108551)  - POLIA MAIOR;USINADOS;UN;0;0
7898;"CH. EXCÊNTRICA FLEX. SENT./CONJUNGADO CH.#1/4"" (021108555)";CHAPAS;UN;0;0
7900;"CH. EXCENTRICA CONJUGADO COM FURO CH.#1/4"" (021108556)";CHAPAS;UN;0;0
7901;"CH. EXCÊNTRICA FLEX. SENT. COM FURO CENTRAL CH.#1/4"" (021108557)";CHAPAS;UN;0;0
7904;"CH. EXCÊNTRICA FLEX. DEITADO CH.#1/4"" (021108558)";CHAPAS;UN;0;0
7905;"CH. EXCÊNTRICA EXT./FLEX. SENTADO COM FURO CH.#1/4"" (021108559)";CHAPAS;UN;0;0
7906;"CH. EXCÊNTRICA EXTENSOR COM FURO CENTRAL CH.#1/4"" (021108560)";CHAPAS;UN;0;0
7907;"CH. EXCÊNTRICA FLEXOR SENT. COM FURO DIR. CH.#1/4"" (021108561)";CHAPAS;UN;0;0
7908;"CH. EXCÊNTRICA EXT./FLEX. SENTADO COM FURO ESQ. CH.#1/4"" (021108562)";CHAPAS;UN;0;0
7913;"CHAPA ESTRIBO ESTEIRA FISIO GII #1/8"" (021108567)";CHAPAS;UN;0;0
7914;PEGADA MEIA PRONADA (021108455);TUBOS;UN;0;0
7922;"CHAPA SUP DA BARRA GUIADA #3/16"" (021108570)";CHAPAS;UN;0;0
7923;"CHAPA ROLDANA DO CONTRA PESO #3/16"" (021108571)";CHAPAS;UN;0;0
7924;"CHAPA INF SUPORTE CONTRA PESO #3/16"" (021108573)";CHAPAS;UN;0;0
7925;"CHAPA SUP SUPORTE CONTRA PESO #3/16"" (021108572)";CHAPAS;UN;0;0
7926;"REGULADOR DE ALTURA LATERAL #3/16"" (021108574)";CHAPAS;UN;0;0
7927;"CHAPA BASE DA ELEVAÇÃO LATERAL #3/16"" (021108575)";CHAPAS;UN;0;0
7928;"CHAPA FRONTAL DAS ROLDANAS #3/16"" (021108576)";CHAPAS;UN;0;0
7929;"CHAPA TRASEIRA DAS ROLDANAS #3/16"" (021108577)";CHAPAS;UN;0;0
7930;"CHAPA CARRINHO VERTICAL COM ORELHA #3/16"" (021108578)";CHAPAS;UN;0;0
7931;"CHAPA CARRINHO VERTICAL SEM ORELHA #3/16"" (021108579)";CHAPAS;UN;0;0
7932;"CHAPA APOIO DE CABEÇA #1/8"" (021108580)";CHAPAS;UN;0;0
7935;"DISCO MENOR REGULAGEM #1/4"" (021108583)";CHAPAS;UN;0;0
7936;"DISCO MAIOR REGULAGEM #3/16"" (021108584)";CHAPAS;UN;0;0
7937;"GUIA DO CABO DISCO MAIOR #3/16"" (021108585)";CHAPAS;UN;0;0
7938;"ESPAÇADOR DO CABO DISCO MAIOR #3/16"" (021108586)";CHAPAS;UN;0;0
7941;"TAMPA OBLONGO 77x40 #3/16"" (021108589)";CHAPAS;UN;0;0
7942;"CHAPA TARUGO CONTRA PESO #3/16"" (021108590)";CHAPAS;UN;0;0
7943;CH. INOX REGULADOR DE ALTURA LATERAL #INOX 2,00 (021108591);CHAPAS;UN;0;0
7944;CH. INOX BASE ELEVAÇÃO LATERAL#INOX 2,00 (021108592);CHAPAS;UN;0;0
7945;CH. INOX RELOGIO DO DISCO MAIOR ESQUERDA #INOX 2,00 (021108593);CHAPAS;UN;0;0
7946;GUIA CARRINHO DA ELEVAÇÃO LATERAL (021108611);USINADOS;UN;0;0
7948;EIXO DA ROLDANA SUPERIOR (021108613);USINADOS;UN;0;0
7949;EIXO DO BRAÇO ELEVAÇÃO LATERAL (021108614);USINADOS;UN;0;0
7959;CH. APOIO ASSENTO DIREITA CH.#3/16''(021108619);CHAPAS;UN;0;0
7960;CHAPA INFERIOR DO GUIA DO LEG 180 #3-8''(021108621);CHAPAS;UN;0;0
7968;"MÃO FRANCESA DO BRAÇO NOVO #1/4"" (021108625)";MÃO FRANCESA;UN;0;0
7979;"CHAPA FIXAÇÃO ""L"" EIXO MENOR TENCIONADOR CH #1/4"" (021108630)";CHAPAS;UN;0;0
7983;"ALAVANCA DO PEDAL DE REGULAGEM#1/4"" (021108636)";CHAPAS;UN;0;0
7985;"ORELHA TRAVA CH.#3/16"" (021108640)";CHAPAS;UN;0;0
7986;EIXO DA MOLA GÁS REMO INFERIOR (021108629);USINADOS;UN;0;0
7987;EIXO DA MOLA GÁS REMO SUPERIOR (021108627);USINADOS;UN;0;0
7989;EIXO 250MM (021108632);USINADOS;UN;0;0
7993;FLAUTA SIMULADOR DE REMO (021108641);TUBOS;UN;0;0
7994;BUCHA 120mm DO CONDUITE (021108633);USINADOS;UN;0;0
7997;CH. PEDAL INOX REMO #INOX 2,00 (021108634);CHAPAS;UN;0;0
7998;CH. TAMPA DO CONDUITE #INOX 2,00 (021108637);CHAPAS;UN;0;0
8001;"TRAVA 02 DA MOLA PEDAL CH.#3/16"" (021108656)";CHAPAS;UN;0;0
8002;"TRAVA DA MOLA PEDAL CH.#3/16"" (021108657)";CHAPAS;UN;0;0
8003;"CANTONEIRA TRAVA DA MOLA PEDAL CH.#3/16"" (021108658)";MÃO FRANCESA;UN;0;0
8020;CHAPA INTERNA CARRINHO Gll #3-16'' (021108659);CHAPAS;UN;0;0
8021;"CHAPA INFERIOR TUBO DA GUIA Gll #3-8"" (021108660)";CHAPAS;UN;0;0
8022;"CH. PISANTE DO LEG 45/80 #1/4"" (021108661)";CHAPAS;UN;0;0
8023;"CHAPA SUPORTE DO BATENTE #1-4"" (021108662)";CHAPAS;UN;0;0
8024;CH. BASE CARRINHO LEG 45-80 #3-16'' (021108663);CHAPAS;UN;0;0
8025;BUCHA DA TRAVA DE SEGURANÇA (021108664);USINADOS;UN;0;0
8028;"CHAPA DE FIXAÇÃO DO EIXO #3/16"" (021108675)";CHAPAS;UN;0;0
8030;PARAFUSO DA ELEVAÇÃO FISIO (021108677);USINADOS;UN;0;0
8032;"ORELHA MENOR BASE SIMUALDOR DE REMO CH. #1/4"" (021108679)";CHAPAS;UN;0;0
8033;"ORELHA MAIOR BASE SIMULADOR DE REMO CH. #1/4"" (021108678)";CHAPAS;UN;0;0
8034;BUCHA DO MACAQUINHO 360º (021108680);USINADOS;UN;0;0
8034;BUCHA DO MACAQUINHO 360º (021108680);USINADOS;UN;0;0
8040;CHAPA GUIA LINEAR CH.#1/4'' (021108685);CHAPAS;UN;0;0
8042;ORELHA DOBRADA DA REGULAGEM CH#1/4'' (021108686);ORELHAS;UN;0;0
8043;CHAPA SUPORTE BANCO CH.#5/16'' (021108687);CHAPAS;UN;0;0
8044;CHAPA BASE DA REGULAGEM CH.#1/4'' (021108688);CHAPAS;UN;0;0
8045;CHAPA BATENTE SUPORTE GUIA CH.#1/4'' (021108689);CHAPAS;UN;0;0
8046;CHAPA REGULAGEM DO BANCO CH.#1/4'' (021108690);CHAPAS;UN;0;0
8047;CHAPA PISANTE LEG STRONG CH.#1/4'' (021108691);CHAPAS;UN;0;0
8048;CHAPA TRAVA DE SEGURANÇA CH.#1/4'' (021108692);CHAPAS;UN;0;0
8050;MÃO FRANCESA CHAPA CARRINHO CH.# 1/4'' (021108694);MÃO FRANCESA;UN;0;0
8051;ORELHA OBLONGA 200MM COM RASGO CH.#1/4'' (021108695);ORELHAS;UN;0;0
8052;BUCHA DO SUPORTE DE ANILHAS LEG STRONG (021108701);USINADOS;UN;0;0
8054;BATENTE DE SEGURANCA LEG TON (021108716);USINADOS;UN;0;0
8055;EIXO DO CONDUÍTE MÓVEL (021108717);USINADOS;UN;0;0
8056;BUCHA TRAVA SEGURANÇA (021108718);USINADOS;UN;0;0
8057;EIXO TRAVA DE SEGURANÇA LEG STRONG (021108721);USINADOS;UN;0;0
8058;CAPA DO EIXO DA TRAVA LEG TON (021108720);USINADOS;UN;0;0
8060;BUCHA DA PEGADA (021108722);USINADOS;UN;0;0
8066;"ALAVANCA DE REGULAGEM CH.#3/16"" (021108743)";CHAPAS;UN;0;0
8067;"ORELHA DO BANCO CENTRAL CH.#3/16"" (021108744)";CHAPAS;UN;0;0
8069;BUCHA TRAVA CONDUITE (021108757);USINADOS;UN;0;0
8070;BUCHA BANCO CRUZETA (021108749);USINADOS;UN;0;0
8072;"CH. CONEXÃO MULTISTATION M2 #3/16"" (021108755)";CHAPAS;UN;0;0
8078;EIXO 205MM (021108763);USINADOS;UN;0;0
8080;QUADRO PEGADA REGULAVEL (PINTADO) (021108847);CONJUNTOS E SUBCONJUNTOS;UN;0;0
8089;"CH.REFORÇO DA CHAPA DE REGULAGEM #3/16"" (021108765)";CHAPAS;UN;0;0
8090;"LIMITADOR MOVEL DA ROLDANA CH.#3/16"" (021108767)";CHAPAS;UN;0;0
8090;"LIMITADOR MOVEL DA ROLDANA CH.#3/16"" (021108767)";CHAPAS;UN;0;0
8091;"LIMITADOR FIXO DA ROLDANA CH.#3/16"" (021108766)";CHAPAS;UN;0;0
8092;ALÇA BARRA SIMULADOR DE REMO (021108779);CONJUNTOS E SUBCONJUNTOS;UN;0;0
8092;ALÇA BARRA SIMULADOR DE REMO (021108779);CONJUNTOS E SUBCONJUNTOS;UN;0;0
8101;ORELHA DE CONEXÃO 180mm #1/4'' (021108799) ;ORELHAS;UN;0;0
8104;LAT DISCO MENOR CH. #3/16 (021108728);CHAPAS;UN;0;0
8105;"ORELHA COM ENCAIXE DO ASSENTO #1/4"" (021108801)";ORELHAS;UN;0;0
8106;GUIA DO BRAÇO PP Ø16 (021108726);USINADOS;UN;0;0
8109;"MÃO FANCESA TORRE #1/4"" (021108802)";MÃO FRANCESA;UN;0;0
8110;"MÃO FRANCESA CORPO CH.#1/4"" (021108803)";MÃO FRANCESA;UN;0;0
8111;"ORELHA CONEXÃO CENTRAL #1/4"" (021108804)";ORELHAS;UN;0;0
8112;"ORELHA DO ENCOSTO MOVEL 02 #3/16"" (021108805)";CHAPAS;UN;0;0
8113;"ORELHA DO ENCOSTO MOVEL 01 #3/16"" (021108806)";CHAPAS;UN;0;0
8114;"MÃO FRANCESA SUPORTE ENCOSTO MOVEL #3/16"" (021108807)";CHAPAS;UN;0;0
8115;"MÃO FRANCESA SUPORTE COM TRAVA ENCOSTO MOVEL #3/16"" (021108808)";CHAPAS;UN;0;0
8116;"FIXAÇÃO ENCOSTO MOVEL #3/16"" (021108809)";CHAPAS;UN;0;0
8117;"MÃO FRANCESA SUPORTE CHAPA PISANTE #1/4"" (021108810)";CHAPAS;UN;0;0
8134;CAR. FRENTE ELEVAÇÃO LF-R C/ FURO (021108814);CHAPAS;UN;0;0
8135;" PEGADA ""T"" DA REMADA (021108815)";USINADOS;UN;0;0
8142;PROTEÇÃO INOX REMO 130mm (021108821);TUBOS;UN;0;0
8144;PEDAL DO SIMULADOR DE KAYAK (021108848);CONJUNTOS E SUBCONJUNTOS;UN;0;0
8146;BASE PELVICA (021107668);TUBOS;UN;0;0
8147;BRAÇO ANILHADO PELVICA (021107669);TUBOS;UN;0;0
8148;TUBO DOBRADO BASE TRASEIRA ESQ. (021109700);TUBOS;UN;0;0
8149;TRAVA DO BRAÇO DIR. (021105517);TUBOS;UN;0;0
8150;BRAÇO REMADA SENTADA DIR (021105512);TUBOS;UN;0;0
8151;APOIO FRONTAL DA BASE ESQ (021109698);TUBOS;UN;0;0
8159;TUBO BASE EM U HACK LOMBAR (021107608);TUBOS;UN;0;0
8160;TUBO DOBRADO COLUNA HACK LOMBAR (021107580);TUBOS;UN;0;0
8163;CHAPA DE CONEXÃO DO PISANTE SUPINO INCLINADO (021108829);CHAPAS;UN;0;0
8164;CHAPA CONEXÃO DO ENCOSTO #3/16'' (021108670);CHAPAS;UN;0;0
8167;ALAVANCA REGULAGEM CRUZETA ESTEIRA FISIO;CONJUNTOS E SUBCONJUNTOS;UN;0;0
8168;ALAVANCA REGULAGEM BANCO ESTEIRA FISIO;CONJUNTOS E SUBCONJUNTOS;UN;0;0
8169;ALAVANCA REGULAGEM FLAUTA ESTEIRA FISIO;CONJUNTOS E SUBCONJUNTOS;UN;0;0
8170;ORELHA 330 MM (021108839);ORELHAS;UN;0;0
8174;BUCHA DA ESCADA 80mm (021108841);USINADOS;UN;0;0
8176;"ENCOSTO DE PEITO DO BICEPS CH.#3/16"" (021108845)";CHAPAS;UN;0;0
8185;FLAUTA 475MM INOX (021108857);TUBOS;UN;0;0
8186;CHAPA DO MOTOR FISIO GII #ALUM. 2MM (021108756);CHAPAS;UN;0;0
8187;PEGADA REGULÁVEL ESTEIRA FISIO GII MENOR (021108861);CONJUNTOS E SUBCONJUNTOS;UN;0;0
8188;TUBO PEGADA REGULAVEL GII MENOR (021108859);USINADOS;UN;0;0
8189;PEGADA REGULÁVEL ESTEIRA FISIO GII MAIOR (021108862);CONJUNTOS E SUBCONJUNTOS;UN;0;0
8190;TUBO PEGADA REGULAVEL GII MAIOR (021108862);USINADOS;UN;0;0
8191;TUBO PEGADA REGULAVEL GII MAIOR (021108863);USINADOS;UN;0;0
8193;"CHAPA LATERAL 1 DO MACAQUINHO CH.1/8"" (021108849)";CHAPAS;UN;0;0
8194;"CHAPA LATERAL 2 DO MACAQUINHO CH.1/8"" (021108850)";CHAPAS;UN;0;0
8195;"CHAPA SUPORTE TRAVA CABO CH.1/8"" (021108852)";CHAPAS;UN;0;0
8196;"CHAPA SUPORTE DA BUCHA MACAQUINHO CH.3/16"" (021108851)";CHAPAS;UN;0;0
8197;"CHAPA SUP/INF MACAQUINHO CH.3/16"" (021108853)";CHAPAS;UN;0;0
8198;ESPAÇADOR 6,85mm ZINCADO (021108854);USINADOS;UN;0;0
8199;ESPAÇADOR 14,5mm ZINCADO (021108855);USINADOS;UN;0;0
8200;ESPAÇADOR 28mm ZINCADO (021108856);USINADOS;UN;0;0
8201;EIXO DO MACAQUINHO ROLAMENTO (021108882);USINADOS;UN;0;0
8202;ORELHA DE CONEXÃO CH.#1-4'' (021108881);ORELHAS;UN;0;0
8203;CHAPA DO ASSENTO 200X240 (021108878);CHAPAS;UN;0;0
8205;EIXO DA CHAPA DO FREIO (021108864);USINADOS;UN;0;0
8206;EIXO TRAVA DO FREIO (021108865);USINADOS;UN;0;0
8207;TREFILADO DO FREIO (021108866);USINADOS;UN;0;0
8208;BUCHA DA ALAVANCA FREIO (021108867);USINADOS;UN;0;0
8209;PINO DA ALAVANCA DO FREIO (021108868);USINADOS;UN;0;0
8210;BUCHA TRAVA ENCOSTO DO LEG STRONG (021108869);USINADOS;UN;0;0
8211;"CHAPA SUP/INF MACAQUINHO MONO CROSS CH.3/16"" (021108884)";CHAPAS;UN;0;0
8212;"TRAVA BARBATANA MONO CROSS CH.1/4"" (021108885)";CHAPAS;UN;0;0
8213;CH. BATENTE PATINHO (021108880);CHAPAS;UN;0;0
8214;COMPLEMENTO CH. DO FREIO S/ FURO (021108871);CHAPAS;UN;0;0
8215;ARRUELA FREIO (021108870);CHAPAS;UN;0;0
8216;CH. DO FREIO (021108872);CHAPAS;UN;0;0
8217;CH. MOLA FREIO (021108873);CHAPAS;UN;0;0
8218;CH. TRAVA DO FREIO (021108874);CHAPAS;UN;0;0
8219;CHAPA DO FREIO (021108875);CHAPAS;UN;0;0
8220;ORELHA DO SUPORTE DO FREIO (021108876);ORELHAS;UN;0;0
8221;"MÃO FRANCESA 100mm #3/16"" (021108887)";MÃO FRANCESA;UN;0;0
8225;CHAPA ORELHA DA FLAUTA ROTATIVA CH.#3/16'' (021108891);CHAPAS;UN;0;0
8226;"CHAPA FIXAÇÃO FLAUTA GIRATORIA COM LIMITADOR #5/16"" (021108892)";CHAPAS;UN;0;0
8228;"CHAPA DO TRAVA CABO MONO CROSS #3/16"" (021108896)";CHAPAS;UN;0;0
8229;"CHAPA DO MACAQUINHO MONO CROSS #1/8"" (021108899)";CHAPAS;UN;0;0
8230;BUCHA DO CABO MACAQUINHO MONO CROSS (021108895);USINADOS;UN;0;0
8231;MANCAL 41mm FLAUTA GIRATÓRIA (021108894);USINADOS;UN;0;0
8232;CH. SUPORTE DA PEGADA (021108879);CHAPAS;UN;0;0
8234;COMPLEMENTO CH. DO FREIO C/ FURO (021108901);CHAPAS;UN;0;0
8239;PEGADA DA ALAVANCA (021108877);TUBOS;UN;0;0
8240;QUADRO MACAQUINHO FLAUTA ROTATIVA;CONJUNTOS E SUBCONJUNTOS;UN;0;0
8243;FLAUTA MONO CROSS GII 1830mm INOX (021108898);TUBOS;UN;0;0
8244;QUADRO MACAQUINHO ROLAMENTO PADRÃO;CONJUNTOS E SUBCONJUNTOS;UN;0;0
8247;APOIO EIXO TRAVA DE SEGURANÇA (021108902);CHAPAS;UN;0;0
8251;CH. INOX RELOGIO DO DISCO MAIOR DIREITA #INOX 2,00 (021108903);CHAPAS;UN;0;0
8252;PROTEÇÃO INOX LEG 45º STRONG (021108905);TUBOS;UN;0;0
8255;EIXO SUSTENTAÇÃO ANILHAS 1700MM (021108719);USINADOS;UN;0;0
8257;CAPA DO EIXO DA TRAVA 2 (021108908);USINADOS;UN;0;0
8263;"CH. SUPORTE DE ANILHAS DO HACK CH.#1/4"" (021108909)";CHAPAS;UN;0;0
8264;"CH. ENCOSTO DO CARRINHO DO HACK CH.#1/4"" (021108910)";CHAPAS;UN;0;0
8266;"CH. BASE ORELHA DO BRAÇO #3/16"" (021108912)";CHAPAS;UN;0;0
8267;"ORELHA COM ESTICADOR DA MOLA #3/16"" (021108913)";ORELHAS;UN;0;0
8268;"ORELHA BRAÇO DO FREIO CH.#3/16"" (021108914)";ORELHAS;UN;0;0
8271;BUCHA DA ARTICULAÇÃO DA PEGADA (021108917);USINADOS;UN;0;0
8272;TUBO DOBRADO PEGADA FREIO DO HACK (021108919);TUBOS;UN;0;0
8281;CHAPA #3-16'' REGULADOR DE ALTURA LATERAL (021108923);CHAPAS;UN;0;0
8282;CHAPA INF SUPORTE CONTRA PESO (021108921);CHAPAS;UN;0;0
8284;CHAPA SUP SUPORTE CONTRA PESO (021108922);CHAPAS;UN;0;0
8285;CHAPA CONTRA PESO (021108924);CHAPAS;UN;0;0
8286;CHAPA SUP DA ELEVAÇÃO PRÓ (021108925);CHAPAS;UN;0;0
8293;"CH. ASSENTO HACK LOMBAR GII 3/16"" (021108938)";CHAPAS;UN;0;0
8295;"CH. LATERAL CARRINHO HACK LOMBAR GII 3/16"" (021108939)";CHAPAS;UN;0;0
8296;CHAPA TRAVA CABO (021108945);CHAPAS;UN;0;0
8298;"CH. INTERNA APOIO BUCHAS HACK LOMBAR GII 3/16"" (021108943)";CHAPAS;UN;0;0
8299;"CH. ENCOSTO HACK LOMBAR GII #3/16"" (021108944)";CHAPAS;UN;0;0
8300;"APOIO BATENTE TRASEIRO CH#1-4"" (021108947)";ORELHAS;UN;0;0
8302;"CH INFERIOR HACK LOMBAR Gll #3-8"" (021108948)";CHAPAS;UN;0;0
8308;"CHAPA LATERAL ""B"" G2 CH #2,00 (021108954)";CHAPAS;UN;0;0
8314;ESPAÇADOR RODINHA ESTEIRA KIDS (021108961);USINADOS;UN;0;0
8316;RODINHA ESTEIRA KIDS (021108962);USINADOS;UN;0;0
8332;"CHAPA ESTAMPADA DO BRAÇO ESTAÇÃO CH#1/8"" (021108973)";CHAPAS;UN;0;0
8355;EIXO DO BRAÇO 360º (021109006);USINADOS;UN;0;0
8357;BUCHA ALAVANCA BRAÇO (021109008);USINADOS;UN;0;0
8359;"CH CONEXÃO GRAVITON #1/4"" (021109015)";CHAPAS;UN;0;0
8362;ESPELHO DA REGULAGEM ENCOSTO KAYAK #INOX 2,00 (021109017);CHAPAS;UN;0;0
8364;"ORELHA OBLONGA 195MM #1/4"" (021109018)";ORELHAS;UN;0;0
8365;"ORELHA FIXAÇÃO CHAPEU LFR ELEVAÇÃO CH#1/8"" (021109019)";ORELHAS;UN;0;0
8367;"CAPA DA ROLDANA CARRINHO ELEVAÇÃO #1/8"" (021109020)";CHAPAS;UN;0;0
8370;CONTRA PESO TREFILADO DA ELEVAÇÃO;CONJUNTOS E SUBCONJUNTOS;UN;0;0
8371;TRAVA SUPERIOR SUPINO INC. (021105636);TUBOS;UN;0;0
8373;TRAVA DO BANCO SUP. INC. (021105638);TUBOS;UN;0;0
8374;BRAÇO SUPINO INCLINADO (021105528);TUBOS;UN;0;0
8375;TRAVESSA LATERAL SUPINO ESQ. (021105523);TUBOS;UN;0;0
8390;CAPA DO FREIO HACK (021109031);USINADOS;UN;0;0
8392;CAR. ELEVAÇÃO PRÓ C/ FURO (021109033);CHAPAS;UN;0;0
8393;CURVA TRASEIRA (021106482);TUBOS;UN;0;0
8394;CURVA DO ANILHEIRO (021106481);TUBOS;UN;0;0
8395;TORRE LEG PRESS (021106480);TUBOS;UN;0;0
8396;TRAVESSA DO CRUCIFIXO (021105867);TUBOS;UN;0;0
8399;BUCHA DA PEGADA ARTICULADA (021109034);USINADOS;UN;0;0
8400;EIXO DA PEGADA ARTICULADA (021109035);USINADOS;UN;0;0
8401;TUBO DA PEGADA ARTICULADA (021109036);TUBOS;UN;0;0
8402;CHAPA DA PEGADA ARTICULADA EMBORRACHADO (021109037);CHAPAS;UN;0;0
8408;ORELHA DE CONEXÃO 180mm DO CROSSTION (021108904) ;ORELHAS;UN;0;0
8413;FLAUTA DE REGULAGEM DO BANCO CENTRAL DIREITO (021108739);TUBOS;UN;0;0
8414;FLAUTA DE REGULAGEM DO BANCO CENTRAL ESQUERDO (021108740);TUBOS;UN;0;0
8415;FLAUTA 400MM C/ GRAU INOX (021109013);TUBOS;UN;0;0
8416;CAR. ELEVAÇÃO PRÓ S/ FURO (021109039);CHAPAS;UN;0;0
8417;CONTRA PESO CHAPA DA ELEVAÇÃO;CONJUNTOS E SUBCONJUNTOS;UN;0;0
8432;EIXO DA ROLDANA SUPERIOR (021109050);USINADOS;UN;0;0
8434;"CHAPA ALAVANCA DA TRAVA DO BANCO CROMADO #1/8"" (021109051)";CHAPAS;UN;0;0
8437;"CHAPA CARRINHO DO BANCO SUPINO CH#3/16"" (021109054)";CHAPAS;UN;0;0
8438;"CHAPA CARRINHO BANCO SUPINO COM ORELHA CH#3/16"" (021109055)";CHAPAS;UN;0;0
8439;"CHAPA REG. BANCO C. PIT CH#1/4"" (021109057)";CHAPAS;UN;0;0
8440;"CHAPA APOIO REG. DO BANCO  CH#1/4"" (021109058)";CHAPAS;UN;0;0
8441;"CHAPA GANCHO ESQUERDO TRAVA DE SEGURANÇA CH#1/4"" (021109059)";CHAPAS;UN;0;0
8442;"CHAPA GUIA DA TRAVA DO BANCO CH#1/4"" (021109060)";CHAPAS;UN;0;0
8443;"ORELHA LIMITADOR DO ROLETE CH#1/4"" (021109061)";ORELHAS;UN;0;0
8445;"CHAPA REGUA REG. BANCO SUPINO CH#1/4"" (021109063)";CHAPAS;UN;0;0
8446;"CHAPA REG. DO BANCO SUPINO CH#3/8"" (021109064) CROMADA";CHAPAS;UN;0;0
8447;"CHAPA SUP. GUIA DO BRAÇO SUPINO CH.#3/16"" (021109065)";CHAPAS;UN;0;0
8449;"CHAPA SUP DO GUIA DO BRAÇO CH#3/16"" (021109067)";CHAPAS;UN;0;0
8450;CH INOX REGULAGEM BANCO SUPINO #INOX 2,00 (021109056);CHAPAS;UN;0;0
8451;TUBO DOBRADO TRAVA BANCO (021109069);TUBOS;UN;0;0
8453;GUIA DO BANCO DO SUPINO (021109087);USINADOS;UN;0;0
8454;GUIA DO BRAÇO DO SUPINO (021109088);USINADOS;UN;0;0
8456;BUCHA DA TRAVA SEGURANÇA DO SUPINO (021109090);USINADOS;UN;0;0
8458;EIXO TRAVA DO BANCO (021109092);USINADOS;UN;0;0
8459;EIXO TENCIONADOR SUPINO CROMADO (021109093);USINADOS;UN;0;0
8462;TAMPA CARRINHO HACK 60X40 #2mm (021109096);CHAPAS;UN;0;0
8463;EIXO DO BRAÇO SUPINO EMBORRACHADO (021109099);USINADOS;UN;0;0
8465;CHAPA CONEXÃO CHANFRADA #1/4 (021109098);CHAPAS;UN;0;0
8467;TAMPA DO GUIDÃO Ø25 #1,2MM (021109100);CHAPAS;UN;0;0
8469;BUCHA PP BATENTE CARRINHO SUPINO (021109103);USINADOS;UN;0;0
8487;DISCO DE REG. DO BRAÇO (021109229);CHAPAS;UN;0;0
8491;CH DE CONEXÃO OVAL (021109107);CHAPAS;UN;0;0
8493;BUCHA DA ALAVANCA (021109243);USINADOS;UN;0;0
8495;EIXO DA RÓTULA (021109245);USINADOS;UN;0;0
8497;EIXO DE REGULAGEM ENCOSTO SUPINO (021109108);USINADOS;UN;0;0
8498;EIXO DE REGULAGEM BANCO SUPINO (021109109);USINADOS;UN;0;0
8499;BUCHA DE REGULAGEM (021109248);USINADOS;UN;0;0
8501;EIXO DO BRAÇO DO ABD. ART. (021109250);USINADOS;UN;0;0
8503;"CHAPA FIXAÇÃO REULAGEM BANCO SUPINO CH#3/8"" (021109110)";CHAPAS;UN;0;0
8513;"MÃO FRANCESA DO ESTOFADO #3/16"" (021109115)";MÃO FRANCESA;UN;0;0
8517;GANCHO DIR. CROMADO SUPINO GUIADO VARIAVEL ;CONJUNTOS E SUBCONJUNTOS;UN;0;0
8521;ESTICADOR MOLA MAIOR 50MM (021109132);USINADOS;UN;0;0
8522;ESTICADOR MOLA MENOR 40MM (021109133);USINADOS;UN;0;0
8523;"CHAPA PISANTE DO HACK #1/4"" (021109134)";CHAPAS;UN;0;0
8528;"CHAPA GUIA DA TRAVA DO ENCOSTO CH#1/4"" (021109116)";CHAPAS;UN;0;0
8529;"CHAPA JUNÇÃO BANCO CH#1/4"" (021109117)";CHAPAS;UN;0;0
8531;"CHAPA SUPORTE BATENTE BANCO CH#1/4"" (021109119)";CHAPAS;UN;0;0
8532;"CHAPA REGUA REG. BANCO OMBRO CH#1/4"" (021109120)";CHAPAS;UN;0;0
8533;"CHAPA REGULAGEM ENCOSTO CH#3/8"" (021109121) CROMADA";CHAPAS;UN;0;0
8534;"CHAPA SUPORTE REGULAGEM BANCO CH#5/16"" (021109122)";CHAPAS;UN;0;0
8535;"CH. LATERAL SUPORTE DO BANCO CH#1/4"" (021109123)";CHAPAS;UN;0;0
8536;"CH. LATERAL SUPORTE DO BANCO SEM PIT CH#1/4"" (021109124)";CHAPAS;UN;0;0
8537;CH. INOX REGULAGEM DO BANCO #INOX 2,00 (021109136);CHAPAS;UN;0;0
8541;"TREFILADO 50MM Ø1/2"" (021109137)";USINADOS;UN;0;0
8544;EIXO DO PÉ DE VELA LF200 (021102245);USINADOS;UN;0;0
8548;"APOIO ESTOFADO OMBRO #3/16"" (021109139)";ORELHAS;UN;0;0
8551;"CHAPA DA PLACA CH.#2,00"" (021109141)";CHAPAS;UN;0;0
8552;"MÃO FRANCESA SUPORTE PESCOÇO CH.#1/4"" (021109142)";CHAPAS;UN;0;0
8553;"CHAPA SUPORTE DINAMO CH.#3/16"" (021109143)";CHAPAS;UN;0;0
8554;"CHAPA SUPORTE DINAMO CH.#1/4"" (021109144)";CHAPAS;UN;0;0
8555;"CHAPA SUPORTE TENSIONADOR 03 CH.#1/4"" (021109145)";CHAPAS;UN;0;0
8560;MANCAL 68mm ROLAMENTO 3205 2RS (021109152);USINADOS;UN;0;0
8561;MANCAL 60mm ROLAMENTO 3205 2RS (021109153);USINADOS;UN;0;0
8563;POLIA Ø40 SIMUALDOR DE CAMINHADA (021109150);USINADOS;UN;0;0
8564;ESPAÇADOR DO ROLAMENTO (021109154);USINADOS;UN;0;0
8581;"CHAPA ALAVANCA DA TRAVA DO BRAÇO CH.#1/8"" (021109226)";CHAPAS;UN;0;0
8584;"CH. DO BATENTE COM FURO #3/16"" (021105477)";CHAPAS;UN;0;0
8585;"CH. DO BATENTE #3/16"" (021106636)";CHAPAS;UN;0;0
8589;CH. BASE DAS ORELHAS 1 CH.#1-4''(021109206);CHAPAS;UN;0;0
8592;CH. BASE DAS ORELHAS 2 CH.#1-4''(021109207);CHAPAS;UN;0;0
8593;CH. APOIO BATENTE CH.#1-4'' (021109208);CHAPAS;UN;0;0
8594;CH . APOIO DE PERNA CH.#1-4''(021109209);CHAPAS;UN;0;0
8595;CHAPA ARTICULAÇÃO 1 CH.#1-4''(021109210);CHAPAS;UN;0;0
8596;CHAPA BANCO CH.#1-4''(021109211);CHAPAS;UN;0;0
8598;CHAPA TRAVA BRAÇO 2 CH.#1-4''(021109213);CHAPAS;UN;0;0
8599;MÃO FRANCESA BANCO CH.#1-4''(021109214);MÃO FRANCESA;UN;0;0
8601;CHAPA DA MOLA CH.#1-4''(021109217);CHAPAS;UN;0;0
8602;ORELHA RELÓGIO 1 CH.#1-4''(021109218);ORELHAS;UN;0;0
8603;PISANTE CH. #1/4'' (021109219);CHAPAS;UN;0;0
8604;CHAPA TRAVA APOIO PERNA CH.#1-4''(021109220);CHAPAS;UN;0;0
8605;RELÓGIO ENCOSTO CH.#1-4''(021109227) CROMADO;CHAPAS;UN;0;0
8607;"ALAVANCA TRAVA BRAÇO ESQUERDA CH.#3/16"" (021109222)";CHAPAS;UN;0;0
8608;"CHAPA APOIO DE PERNA CH.#3/16""(021109223)";CHAPAS;UN;0;0
8609;"MÃO FRANCESA APOIO DE PERNA CH.#3/16""(021109224)";MÃO FRANCESA;UN;0;0
8610;"MÃO FRANCESA SUPORTE PISANTE CH.#3/16""(021109225)";MÃO FRANCESA;UN;0;0
8611;CHAPA PISANTE INOX CH.#2,00(021109221);CHAPAS;UN;0;0
8612;INOX DO DISCO DE REG. CH.#2,00(021109228);CHAPAS;UN;0;0
8613;CHAPA ARTICULAÇÃO 2 CH.#1-4''(021109235);CHAPAS;UN;0;0
8617;EIXO DE REGULAGEM APOIO BRAÇO (021109246);USINADOS;UN;0;0
8618;BATENTE RELÓGIO (021109252);USINADOS;UN;0;0
8619;"MÃO FRANCESA CORPO LEG 180 IRI #1/4"" (021109253)";MÃO FRANCESA;UN;0;0
8648;SUPORTE CINTO CH.#1-4'' (021109276);CHAPAS;UN;0;0
8649;EIXO DA RÓTULA 2 (021109272);USINADOS;UN;0;0
8650;HASTE DE APOIO ESQUERDA (021100323);TUBOS;UN;0;0
8651;HASTE SUPERIOR (021100322);TUBOS;UN;0;0
8657;BUCHA PP BATENTE RELOGIO (021109279);USINADOS;UN;0;0
8660;"CH. REGULAGEM DA TRAVA REDUZIDA #1/4"" (021109280)";CHAPAS;UN;0;0
8662;CHAPA CONEXÃO DO ENCOSTO 95º (021109283);CHAPAS;UN;0;0
8667;TUBO DO BRAÇO DA REMADA (021106062);TUBOS;UN;0;0
8668;"CHAPA SUPORTE ROLDANA CH.#3/16""(021109294)";CHAPAS;UN;0;0
8669;"CHAPA SUPORTE MAIOR DA BUCHA DA BARRA CH.#3/16""(021109295)";CHAPAS;UN;0;0
8671;"CHAPA SUPORTE DA BUCHA DO PIT CH.#1/4""(021109297)";CHAPAS;UN;0;0
8672;"MÃO FRANCESA DESEN. OMBRO #3/16"" (021109312)";MÃO FRANCESA;UN;0;0
8673;"CHAPA ROSCADA EMENDA CH.#1/4""(021109298)";CHAPAS;UN;0;0
8681;"CHAPA APOIO EMENDA CH.#1/4"" (021109306)";CHAPAS;UN;0;0
8688;ARRUELA ACABAMENTO ALUMINIO FURO Ø12 (021109311);USINADOS;UN;0;0
8694;HASTE DA ROTULA DO ABDUTOR (021109313);USINADOS;UN;0;0
8701;EIXO 300MM (021109317);USINADOS;UN;0;0
8702;ALAVANCA DE REGULAGEM CROMADO ABDUTOR ARTICULADO ESQUERDO;CONJUNTOS E SUBCONJUNTOS;UN;0;0
8707;"MÃO FRANCESA CORPO PRO CH.#1/4"" (021109325)";MÃO FRANCESA;UN;0;0
8712;"CHAPA FIXAÇÃO CARENAGEM #1/8"" (021109319)";CHAPAS;UN;0;0
8713;"MÃO FRANCESA DA BASE ESQ. #3/16"" (021109320)";MÃO FRANCESA;UN;0;0
8716;CHAPA INOX DO BRAÇO ESTAÇÃO #INOX 2,00 (021109323);CHAPAS;UN;0;0
8717;CHAPA INOX MENOR DO BRAÇO ESTAÇÃO #INOX 2,00 (021109324);CHAPAS;UN;0;0
8718;CAR. FRONTAL ESTACÃO DUAL CABLE #1,2MM (021109327);CHAPAS;UN;0;0
8719;INOX - 50 X 50 X #2 X 172 (021109326);TUBOS;UN;0;0
8720;CAR. TRASEIRA ESTACÃO DUAL CABLE #1,2MM (021109328);CHAPAS;UN;0;0
8722;TUBO QUADRADO 305 INOX (021105217);TUBOS;UN;0;0
8724;TUBO QUADRADO 315 INOX (021105215);TUBOS;UN;0;0
8731;"MÃO FRANCESA ELEVAÇÃO LATERAL #3/16"" (021109333)";MÃO FRANCESA;UN;0;0
8739;BUCHA REGULAGEM ENCOSTO CROMADO (021109334);USINADOS;UN;0;0
8744;BUCHA ESTICADOR DO DINAMO (021109336);USINADOS;UN;0;0
8745;EIXO DE REDUÇÃO SIMULADOR CAMINHADA (021109155);USINADOS;UN;0;0
8746;RODA SIMULADOR ELIPTICO G2 MONTADA (021109337);USINADOS;UN;0;0
8747;BATENTE DA PEGADA (021109341);USINADOS;UN;0;0
8753;"CHAPA SUPORTE DA BUCHA DO BATENTE CH.#1/4""(021109340)";CHAPAS;UN;0;0
8754;"ORELHA DA ESTAÇÃO BATERIA DUPLA #1/4"" (021109343)";ORELHAS;UN;0;0
8757;BUCHA TRAVA APOIO DE PERNA (021109344);USINADOS;UN;0;0
8758;CH.#2,00 INOX - CHAPA PROTEÇÃO 60X40X#2,00 (021109345);CHAPAS;UN;0;0
8761;BUCHA BATENTE FLAUTA (021109347);USINADOS;UN;0;0
8773;BUCHA ACABAMENTO PRO/IRIDIUM (021109351) ;USINADOS;UN;0;0
8774;CHAPA ESTOFADO TRICEPS #3/16 (021109352);CHAPAS;UN;0;0
8775;"ORELHA ESTICADOR DO DINAMO #1/4"" (021109354)";ORELHAS;UN;0;0
8776;BUCHA DO ACABAMENTO LF-R (021109355)  ;USINADOS;UN;0;0
8778;CH.#2,00'' INOX PROTEÇÃO BASE (021109356);CHAPAS;UN;0;0
8785;CH. PROTEÇÃO TUBO RETANGULAR #2,00 INOX (021109359);CHAPAS;UN;0;0
8787;"CHAPA SUPORTE ROLETE TRASEIRO FISIO #1/4"" (021109361)";CHAPAS;UN;0;0
8788;CH. PROTEÇÃO TUBO OBLONGO #2,00 INOX (021109363);CHAPAS;UN;0;0
8789;BUCHA DA FLAUTA CROSS OVER (021109364) ;USINADOS;UN;0;0
8791;COMPLEMENTO DO CINTO;CONJUNTOS E SUBCONJUNTOS;UN;0;0
8797;"ORELHA DA PUXADA 2X1 - #3/16"" (021109372)";ORELHAS;UN;0;0
8806;"CHAPA TAMPA TRAVA CABO CH.1/8"" (021109400)";CHAPAS;UN;0;0
8809;"MÃO FRANCESA DO BRAÇO #1/4"" (021109393) ";MÃO FRANCESA;UN;0;0
8810;EIXO DO BRAÇO DA REMADA BAIXA (021109399) ;USINADOS;UN;0;0
8813;EIXO DO BATENTE DO PEITORAL (021109401) ;USINADOS;UN;0;0
8814;PROTEÇÃO INOX CROSS OVER ANGULAR (021109403);TUBOS;UN;0;0
8821;BUCHA PEGADA LFR (021109404);USINADOS;UN;0;0
8822;PONTEIRA PP DO MANCAL Ø63 (021109405);USINADOS;UN;0;0
8823;EIXO BATENTE FLAUTA (021109406);USINADOS;UN;0;0
8842;"CH. PISANTE SUP DO BRAÇO DIREITA 3/16"" (021109431)";CHAPAS;UN;0;0
8843;"CH. CHAPA REGULAGEM BANCO 5/16"" (021109432)";CHAPAS;UN;0;0
8844;"MÃO FRANCESA PISANTE CH.#3/16"" (021109433)";MÃO FRANCESA;UN;0;0
8845;"CHAPA DA ARTICULAÇÃO CH.#5/16"" (021109434)";CHAPAS;UN;0;0
8846;"CHAPA DA ARTICULAÇÃO COM PIT CH.#5/16"" (021109435)";CHAPAS;UN;0;0
8847;PROTEÇÃO INOX DO ROLETE (021109439) ;TUBOS;UN;0;0
8849;"CHAPA PISANTE FRONTAL REMADA BAIXA #3/16"" (021109440) ";CHAPAS;UN;0;0
8850;"MÃO FRANCESA PISANTE FRONTAL #3/16"" (021109442) ";MÃO FRANCESA;UN;0;0
8851;"CHAPA PISANTE DO MEIO REMADA #3/16"" (021109443) ";CHAPAS;UN;0;0
8855;PISANTE INOX FRONTAL REMADA BAIXA #INOX 2,00 (021109441);CHAPAS;UN;0;0
8856;CHAPA PISANTE MEIO REMADA BAIXA #INOX 2,00 (021109444);CHAPAS;UN;0;0
8865;PROTEÇÃO MENOR INOX DO ROLETE (021109455)  ;TUBOS;UN;0;0
8866;EIXO 90MM DO KIT;USINADOS;UN;0;0
8868;CHAPA DE INOX PISANTE DIREITO #2,00INOX (021109457);CHAPAS;UN;0;0
8870;CHAPA INOX DO BRAÇO ESTAÇÃO PAR#INOX 2,00 (021109459);CHAPAS;UN;0;0
8871;CHAPA INOX MENOR DO BRAÇO ESTAÇÃO PAR #INOX 2,00 (021109460);CHAPAS;UN;0;0
8872;"CH. ENCOSTO APOIO DE CABEÇA CH.#1/4"" (021109461)";CHAPAS;UN;0;0
8878;CONJUNTO TORRE DO LEG E HACK;CONJUNTOS E SUBCONJUNTOS;UN;0;0
8887;PEGADA DO GRAVITON IRIDIUM (021104576);USINADOS;UN;0;0
8890;PEGADA DO GRAVITON LFR (021105840);TUBOS;UN;0;0
8902;TAMPA PARA TUBO 2 1-2'' #2,0 (021106323);CHAPAS;UN;0;0
8903;BUCHA COM RASGO 68mm (021109469);USINADOS;UN;0;0
8904;EIXO DA PEGADA COM FURO (021109670);USINADOS;UN;0;0
8906;MÃO FRANCESA DA TORRE (021107824);TUBOS;UN;0;0
8907;GANCHO ESQ. CROMADO SUPINO GUIADO VARIAVEL;CONJUNTOS E SUBCONJUNTOS;UN;0;0
8912;TAMPA QUADRADA 40mm #1/8'' (021109472) ;CHAPAS;UN;0;0
8917;CHAPA APOIO COM ROSCA CH.#1/4''(021109473);CHAPAS;UN;0;0
8918;CHAPA APOIO SEM ROSCA CH.#1/4''(021109474);CHAPAS;UN;0;0
8919;MÃO FRANCESA DA BASE DIREITA CH.#3/16''(021109475);MÃO FRANCESA;UN;0;0
8925;"TUBO RED. DOB. Ø3""x#3,00 2235mm (021107540)";TUBOS;UN;0;0
8930;"ORELHA DOBRADA DA CHAPA SUPORIOR DIR. #1/4"" (021109505)";ORELHAS;UN;0;0
8931;CH. DA EXCÊNTRICA FURO MAIOR LRF (021109506);CHAPAS;UN;0;0
8935;CARENAGEM DO MACAQUINHO PADRÃO;CONJUNTOS E SUBCONJUNTOS;UN;0;0
8939;TB. DIR. MÃO FRANCESA DA TORRE STRONG (021107734);TUBOS;UN;0;0
8940;TORRE DOBRADA STRONG DIR. (021107736) ;TUBOS;UN;0;0
8941;BASE DOBRADA GRAVITON (021108565);TUBOS;UN;0;0
8942;"CHAPA BATENTE GUIA #1/4"" (021109497) ";CHAPAS;UN;0;0
8943;"CHAPA PARA LIGAÇÃO PESO #5/16"" (021109498)";CHAPAS;UN;0;0
8944;"ORELHA SUPORTE ANILHEIRO #1/4"" (021109499) ";ORELHAS;UN;0;0
8945;"ORELHA EIXO PRINCIPAL #1/4"" (021109500) ";ORELHAS;UN;0;0
8946;EIXO FURADO PARA FLEXOR DEITADO 269MM (021109501) ;USINADOS;UN;0;0
8947;BUCHA  FURADA FLEXOR 70MM (021109502);USINADOS;UN;0;0
8948;EIXO 61 (021109503);USINADOS;UN;0;0
8949;"MÃO FRANCESA FLEXOR DEITADO #3-16"" (021109508) ";CHAPAS;UN;0;0
8950;"APOIO CENTRAL #1/4"" (021109509) ";CHAPAS;UN;0;0
8954;CH. PROTEÇÃO BASE 2X1 PRÓ #2,00 INOX (021109528);CHAPAS;UN;0;0
8957;EIXO PEGADA BRAÇO (021109526);USINADOS;UN;0;0
8958;EIXO 228MM (021109525);USINADOS;UN;0;0
8961;"MÃO FRANCESA ESQUERDA BICEPS #3-16"" (021109515)";MÃO FRANCESA;UN;0;0
8963;"CHAPA EXCENTRICA EXTERNA #3-16"" (021109511)";CHAPAS;UN;0;0
8964;"CHAPA EXCENTRICA INTERNA 1 #3-16"" (021109512)";CHAPAS;UN;0;0
8965;"CHAPA EXCENTRICA INTERNA 2 #3-16"" (021109513)";CHAPAS;UN;0;0
8966;"PEGADA SUP DO BRAÇO TUBO Ø1"".1/2"" (021108730)";USINADOS;UN;0;0
8967;CH. PROTEÇÃO RELOGIO DAS BUCHAS BICEPS #INOX 2,00 (021109516);CHAPAS;UN;0;0
8968;"ORELHA OBLONGA C/FURO 1/4"" (021109530)";ORELHAS;UN;0;0
8970;BUCHA DO ANILHEIRO 160 (021109531) ;USINADOS;UN;0;0
8972;ROLETE MENOR DA PUXADA (021109454);TUBOS;UN;0;0
8973;ROLETE DA PUXADA (021109429);TUBOS;UN;0;0
8975;"CHAPA ENCOSTO DE BRAÇO #3-16"" (021109536)";CHAPAS;UN;0;0
8976;RODINHA CARDIO - PP (021109539);USINADOS;UN;0;0
8976;RODINHA CARDIO - PP (021109539);USINADOS;UN;0;0
8980;"CHAPA RELOGIO DAS BUCHAS BICEPS CH.#1/4"" (021109514)";CHAPAS;UN;0;0
8993;BUCHA 80MM SEXTAVADO (021109582);USINADOS;UN;0;0
9007;"CH. TRAVA SUP #3/16"" (021109552)";CHAPAS;UN;0;0
9008;"CHAPA ROSCADA BATENTE BORRACHA #1/2"" (021109553)";CHAPAS;UN;0;0
9009;"CHAPA SEGURANÇA BATENTE #3/16"" (021109554)";CHAPAS;UN;0;0
9011;"CHAPA SUPORTE BARRA DIR. #3/16"" (021109556)";CHAPAS;UN;0;0
9014;CHAPA TRAVA INFERIOR CH. INOX #4,00 (021109559);CHAPAS;UN;0;0
9016;"SAPATA DE CHÃO #3/16"" (021109561)";CHAPAS;UN;0;0
9017;"CHAPA LATERAL LOGO LION #3/16"" (021109591)";CHAPAS;UN;0;0
9018;CAPA DE ROLDANA COM USINHO ;CONJUNTOS E SUBCONJUNTOS;UN;0;0
9022;EIXO MENOR DA TRAVA DE SEGURANÇA (021109565);USINADOS;UN;0;0
9023;TREFILADO DA TRAVA DE SEGURANÇA (021109564);USINADOS;UN;0;0
9024;EIXO TENCIONADOR GAIOLA (021109563);USINADOS;UN;0;0
9033;TAMPA OBLONGA 125MM (021109596);CHAPAS;UN;0;0
9034;"CHAPA SUPORTE ROLDANAS SUPERIOR CH.#1/4"" (021109598)";CHAPAS;UN;0;0
9036;BATENTE EXCENTRICA (021109597);USINADOS;UN;0;0
9037;EIXO BATENTE EXCENTRICA (021109599);USINADOS;UN;0;0
9038;QUADRO COMPLEMENTO MACAQUINHO ROLAMENTO PADRÃO;CONJUNTOS E SUBCONJUNTOS;UN;0;0
9040;QUADRO COMPLEMENTO MACAQUINHO FLAUTA ROTATIVA;CONJUNTOS E SUBCONJUNTOS;UN;0;0
9048;TB. BUCHA DO BRAÇO DO FLEXOR 77MM (021104400);USINADOS;UN;0;0
9049;TB. BUCHA DO BRAÇO DO FLEXOR 53MM (021109623);USINADOS;UN;0;0
9050;GANCHO DO SUPORTE 170MM (021107270);USINADOS;UN;0;0
9055;"CH. APOIO DO ESTRIBO ESTEIRA REAB N6 #1/8"" (021109628)";CHAPAS;UN;0;0
9058;"ACABAMENTO LATERAL CARENAGEM ESTEIRA REAB N6 #1/8"" (021109629)";CHAPAS;UN;0;0
9079;PAINEL COMPLETO ELIPTICO SE-02D/LF-200D;CONJUNTOS E SUBCONJUNTOS;UN;0;0
9085;EIXO 120MM DO KIT;USINADOS;UN;0;0
9086;CHAPA APOIO DO ENCOSTO #1-4'' (021109641);CHAPAS;UN;0;0
9092;"CHAPA LATERAL DO PISANTE #3/16"" (021109581)";CHAPAS;UN;0;0
9099;BUCHA PP DA TRAVA 100mm (021109654);USINADOS;UN;0;0
9103;ACABAMENTO INOX DO PISANTE LADO ESQUERDO - INOX#2,00;CHAPAS;UN;0;0
9104;ACABAMENTO INOX DO PISANTE LADO DIREITO - INOX#2,00;CHAPAS;UN;0;0
9105;POLIA SINCRONIZADA 19L (MONTADA);USINADOS;UN;0;0
9106;POLIA SINCRONIZADA 24L (MONTADA);USINADOS;UN;0;0
9108;CHICOTE DISJUNTOR PARA LIGA/DESLIGA ESCADA;CONJUNTOS E SUBCONJUNTOS;UN;0;0
9109;CHICOTE DISJUNTOR PARA TOMADA ESCADA;CONJUNTOS E SUBCONJUNTOS;UN;0;0
9114;CHICOTE DISJUNTOR PARA LIGA/DESLIGA ESTEIRA;CONJUNTOS E SUBCONJUNTOS;UN;0;0
9115;"CAPA DA ROLDANA ELEVAÇÃO LFR #1/8"" (021109662)";CHAPAS;UN;0;0
9116;CONJUNTO BASE DO GUIA LEG 45°;CONJUNTOS E SUBCONJUNTOS;UN;0;0
9119;"CH. GUIA DA BARRA GUIADA CH.3/16"" (021109666)";CHAPAS;UN;0;0
9120;BARRA MENOR DA BARRA GUIADA 1520MM (021109665);USINADOS;UN;0;0
9121;BUCHA DO SUP. DE ANILHAS DO AGACHAMENTO (021109667);USINADOS;UN;0;0
9122;ARRUELA ACABAMENTO (021109668);USINADOS;UN;0;0
9123;BUCHA DO SUPORTE DE ANILHAS (021109669);USINADOS;UN;0;0
9124;"BATENTE DO TUBO 98X50 #1/4"" (021109695) ";CHAPAS;UN;0;0
9126;ENCOSTO PADRÃO ;CONJUNTOS E SUBCONJUNTOS;UN;0;0
9128;"CH. SAPATA ELIPSE DE FIXAÇÃO#1/4"" (021109671)";CHAPAS;UN;0;0
9131;"CHAPA EXCENTRICA PEC FLY DECLINADO CH#3/16"" (021109613) ";CHAPAS;UN;0;0
9132;"ESPAÇADOR DA EXCENTRICA CH#3/16"" (021109614)  ";CHAPAS;UN;0;0
9133;"GUIA CABO DA EXCENTRICA PEC FLY CH#3/16"" (021109615)";CHAPAS;UN;0;0
9134;ASSENTO PADRÃO;CONJUNTOS E SUBCONJUNTOS;UN;0;0
9135;EIXO BATENTE PEC FLY DO QUADRO (021109611);USINADOS;UN;0;0
9138;"CHAPA SUPORTE DAS ROLDANAS #1/4"" (021109617) ";CHAPAS;UN;0;0
9139;"CHAPA ROLDANA INDIVIDUAL CH#3/16"" (021109620) ";CHAPAS;UN;0;0
9142;EIXO 262 PEITORAL (021109618) ;USINADOS;UN;0;0
9150;EIXO SUSTENTAÇÃO ANILHAS 580MM (021109674);USINADOS;UN;0;0
9151;BUCHA DAS PEGADAS COM FURO 15mm (021104350);USINADOS;UN;0;0
9177;TUBO APOIO BASE (021109676);TUBOS;UN;0;0
9178;TUBO PEGADA PARA EMBORRACHAR (021109677);TUBOS;UN;0;0
9187;FLAUTA 295MM INOX (8 FUROS) (021109681);TUBOS;UN;0;0
9190;CONEXÃO SUPERIOR CROSS STATION (021109694);TUBOS;UN;0;0
9191;TRAVESSA SUPERIOR ESCALADA FRENTE (021105786);TUBOS;UN;0;0
9192;TRAVESSA SUPERIOR ESCALADA TRÁS (021105793);TUBOS;UN;0;0
9196;BRAÇO DESENV. DE OMBROS (021106165);TUBOS;UN;0;0
9200;BUCHA 50mm REFORÇADA (021109697);USINADOS;UN;0;0
9204;BASE PARA GUIA LINEAR LEG 180º GII (PRÓ/IRIDIUM/LFR);CONJUNTOS E SUBCONJUNTOS;UN;0;0
9205;BRAÇO SUPINO DECLINADO DIR. (021109699);TUBOS;UN;0;0
9207;CURVA DO ASSENTO ABDOMINAL (021106311);TUBOS;UN;0;0
9208;CURVA DO ENCOSTO FURADA (021106341);TUBOS;UN;0;0
9209;CURVA DO ENCOSTO SEM FURO (021106310);TUBOS;UN;0;0
9210;BASE DOBRADA GLUTEO (021107834);TUBOS;UN;0;0
9211;COLUNA DO SUPORTE (021107882);TUBOS;UN;0;0
9212;SUPORTE DO GUIA TRASEIRO (021106917);TUBOS;UN;0;0
9213;BASE BICEPS UNILATERAL ESQ (021109701);TUBOS;UN;0;0
9214;TUBO CURVADO DA BASE (021105994);TUBOS;UN;0;0
9215;BRAÇO DA PLATAFORMA (021107102);TUBOS;UN;0;0
9218;BRAÇO MEGA TRAINING ESQ. (021106997);TUBOS;UN;0;0
9221;LATERAL DA BASE MEGA TRAIN. DIR (021106996);TUBOS;UN;0;0
9224;LATERAL DA BASE MEGA TRAIN. ESQ (021109703);TUBOS;UN;0;0
9225;TORRE DOBRADA STRONG ESQ. (021109704);TUBOS;UN;0;0
9228;"CHAPA DIREITA TENCIONADOR E PESO CH. #1/4"" (021109705)";CHAPAS;UN;0;0
9229;BUCHA DO ANILHEIRO 200MM (021109706);USINADOS;UN;0;0
9233;REBITE M5 (021109709);USINADOS;UN;0;0
9234;BUCHA DO ANILHEIRO PINTADO 200MM (021109710);USINADOS;UN;0;0
9250;BRAÇO ESQUERDO DA PUXADA ALTA 2017 (021109711);TUBOS;UN;0;0
9252;"MÃO FRANCESA DO ROLETE PRÓ/IRIDIUM CH. 1/4"" (021109714)";MÃO FRANCESA;UN;0;0
9258;"CHAPA REGULAGEM ENCOSTO CH.#5/16""(021109718)";CHAPAS;UN;0;0
9259;"CARRINHO EXTENSOR CH.#1/4""(021109715)";CHAPAS;UN;0;0
9260;"CH. EXC. INTERNA FURO MAIOR CH.#3/16""(021109716)";CHAPAS;UN;0;0
9262;"CHAPA FLAUTA EXTENSOR CH.#3/16""(021109717)";CHAPAS;UN;0;0
9263;"SUPORTE BUCHA DE REGULAGEM 2 CH.#1/4""(021109720)";CHAPAS;UN;0;0
9264;"SUPORTE BUCHA DE REGULAGEM CH.#1/4""(021109721)";CHAPAS;UN;0;0
9265;"SUPORTE CHAPA REGULAGEM ENCOSTO 2 CH.#1/4""(021109722)";CHAPAS;UN;0;0
9266;"SUPORTE CHAPA REGULAGEM ENCOSTO CH.#1/4""(021109723)";CHAPAS;UN;0;0
9267;"SUPORTE TREFILADO GUIA 2 CH.#1/4""(021109724)";CHAPAS;UN;0;0
9269;INOX CHAPA FLAUTA - CH.#2,00 INOX (021109719);CHAPAS;UN;0;0
9270;BATENTE PILLOW (021109726);USINADOS;UN;0;0
9271;EIXO DE REGULAGEM APOIO ENC. (021109727);USINADOS;UN;0;0
9272;EIXO RETIFICADO 500mm (021109728);USINADOS;UN;0;0
9275;"ORELHA DO EIXO MOLA A GAS CH.#1/4""(021109737)";ORELHAS;UN;0;0
9280;"REFORÇO DA CHAPA INFERIOR CH.#1/4"" (021109738)";CHAPAS;UN;0;0
9281;DISCO INOX REGULAGEM PEC FLY ESQUERDO (021109739) ;CHAPAS;UN;0;0
9282;DISCO INOX REGULAGEM PEC FLY DIREITO (021109619);CHAPAS;UN;0;0
9283;TB. ESQ. MÃO FRANCESA DA TORRE STRONG (021109740);TUBOS;UN;0;0
9285;"CHAPA DO DISCO REGULAGEM PEC FLY CH#3/16"" (021109742)";CHAPAS;UN;0;0
9287;"TAMPA LOGO GAIOLA CH.#2,00"" (021109743)";CHAPAS;UN;0;0
9289;BRAÇO MEGA TRAINING DIR. (021109744);TUBOS;UN;0;0
9294;TUBO CURVADO DA TORRE C/ FURO 2440mm (021104142);TUBOS;UN;0;0
9295;INOX REGULAGEM ENCOSTO 1 - CH.#2,00 INOX (021109747);CHAPAS;UN;0;0
9299;INOX REGULAGEM ENCOSTO 2 - CH.#2,00 INOX (021109748);CHAPAS;UN;0;0
9300;"TRAVESSA DA ARTICULAÇÃO ESQ. Ø3""x#3,00 1720mm (021109751)";TUBOS;UN;0;0
9301;EIXO BATENTE PEC FLY (021109752) ;USINADOS;UN;0;0
9318;EIXO 100mm DA CARENAGEM (021109652);USINADOS;UN;0;0
9320;CURVA CENTRAL DA BASE (021106921);TUBOS;UN;0;0
9321;BRAÇO DIREITO REMADA BAIXA (021109395);TUBOS;UN;0;0
9322;BRAÇO ESQUERDO REMADA BAIXA (021109396);TUBOS;UN;0;0
9323;BASE INFERIOR FROTAL REMADA BAIXA (021109394);TUBOS;UN;0;0
9324;BASE TRASEIRA (021109195);TUBOS;UN;0;0
9325;LATERAL 2 (021109196);TUBOS;UN;0;0
9326;LATERAL BASE (021109197);TUBOS;UN;0;0
9344;"CH. ESQUERDA SUP. DO CROSSMITH C/ FURO #3/16"" (021109760)";CHAPAS;UN;0;0
9345;"ORELHA DIREITA DO TENCIONADOR #1/4"" (021109763)";ORELHAS;UN;0;0
9348;FLAUTA M2 INOX (021109764);TUBOS;UN;0;0
9349;"CHAPA ESPELHO DO PISANTE GAIOLA #3/16"" (021109765)";CHAPAS;UN;0;0
9351;CALÇO PARA RAPID FIRE (021109766) ;USINADOS;UN;0;0
9361;"CHAPA SUPORTE ROLDANAS SUPERIOR 2 CH.#1/4"" (021109800)";CHAPAS;UN;0;0
9364;"CHAPA DE FIXAÇÃO DA RÉGUA DE REGULAGEM CH.#1/4"" (021109812)";CHAPAS;UN;0;0
9366;CH. ESPELHO INOX DIR. #INOX 2,00 (021109813);CHAPAS;UN;0;0
9367;CH. ESPELHO INOX ESQ. #INOX 2,00 (021109814);CHAPAS;UN;0;0
9371;CHAPA 50x50x#1,5 (021102612);CHAPAS;UN;0;0
9372;"REGUA COM RASGO PARA BATENTE 3/16"" (021109805)";CHAPAS;UN;0;0
9373;"ORELHA DOBRADA DO GUIA CH.#1/4"" (021109804)";ORELHAS;UN;0;0
9374;"MÃO FRANCESA DO PIT CH.#1/4"" (021109803)";MÃO FRANCESA;UN;0;0
9375;"CH. TRASEIRA DO GUIA CARRINHO CH.#1/4"" (021109802)";CHAPAS;UN;0;0
9376;"ASSENTO CARRINHO LEG OPTIMUS #1/4"" (021109801)";CHAPAS;UN;0;0
9377;CH. PISANTE INOX DO BRAÇO ESQ. #INOX 2,00 (021109806);CHAPAS;UN;0;0
9378;CH. INOX DA REGULAGEM DE BANCO #INOX 2,00 (021109807);CHAPAS;UN;0;0
9379;CH. INOX DA REGULAGEM DO ASSENTO LEG OPTIMUS #INOX 2,00 (021109808);CHAPAS;UN;0;0
9380;COLUNA DOBRADA DIR LEG UNILATERAL GII (021109810);TUBOS;UN;0;0
9381;COLUNA DOBRADA ESQ LEG UNILATERAL GII (021109811);TUBOS;UN;0;0
9382;ENCOSTO DO CARRINHO LEG OPTIMUS GII (021109437);TUBOS;UN;0;0
9383;BRAÇO TORRE COM PISANTE DIR. (021109438);TUBOS;UN;0;0
9386;"TRAVA CARRINHO HACK LOMBAR #3/16"" (021109815)";CHAPAS;UN;0;0
9388;TUBO MEDIO DO EIXO DA ALAVANCA (021109816);USINADOS;UN;0;0
9389;TUBO MENOR DO EIXO DA ALAVANCA (021109817);USINADOS;UN;0;0
9392;"CHAPA DO EIXO #1/4"" (021109786) ";CHAPAS;UN;0;0
9393;"CHAPA PISANTE INFERIOR #3/16"" (021109791)";CHAPAS;UN;0;0
9394;"CHAPA DO BATENTE CONJUNTO #1/4"" (021109792)";CHAPAS;UN;0;0
9395;"CHAPA REFORÇO DA PLATAFORMA #3/16"" (021109787)";CHAPAS;UN;0;0
9396;"CHAPA PEGADA QUADRIL #3/16"" (021109788) ";CHAPAS;UN;0;0
9397;"CHAPA REGULAGEM QUADRIL #3/16"" (021109789) ";CHAPAS;UN;0;0
9398;"CHAPA APOIO DO PÉ SUPERIOR #3/16"" (021109790)";CHAPAS;UN;0;0
9399;"CHAPA REGULAGEM DO DISCO #5/16"" (021109793)";CHAPAS;UN;0;0
9400;"ORELHA PARA APOIO DO PÉ #3/16"" (021109794)";CHAPAS;UN;0;0
9401;ARRUELA DE ALUM Ø19 DIAM INT (021109818);USINADOS;UN;0;0
9402;"CHAPA DIREITA SUPERIOR DO CROSSMITH #3/16"" (021109820)";CHAPAS;UN;0;0
9403;BASE PARA GUIA LINEAR HACK 45°;CONJUNTOS E SUBCONJUNTOS;UN;0;0
9404;BARRA MENOR DO CROSSMITH IRIDIUM 1545MM (021109824);USINADOS;UN;0;0
9406;EIXO LIMITADOR DO BANCO (021109809);USINADOS;UN;0;0
9413;LATERAL DA PEDALEIRA NOVA #1,2MM (021109830);CHAPAS;UN;0;0
9414;SUPORTE PEDALEIRA ESTEIRA N6 MENOR;CONJUNTOS E SUBCONJUNTOS;UN;0;0
9420;"SUPORTE TREFILADO GUIA 2 80X40 CH.#1/4""(021109839)";CHAPAS;UN;0;0
9421;"SUPORTE TREFILADO GUIA 80X40 CH.#1/4""(021109840)";CHAPAS;UN;0;0
9422;BASE DOS BRAÇOS (021109522);TUBOS;UN;0;0
9425;PEGADA ENCOSTO (021109733);TUBOS;UN;0;0
9446;EIXO SUSTENTAÇÃO ANILHAS 300MM (021109844);USINADOS;UN;0;0
9450;ANEL DE ALUMINIO DA MANOPLA ACAB. MENOR (021109845);USINADOS;UN;0;0
9453;ANEL DE ALUMINIO DA MANOPLA ACAB. MAIOR (021109846);USINADOS;UN;0;0
9453;ANEL DE ALUMINIO DA MANOPLA ACAB. MAIOR (021109846);USINADOS;UN;0;0
9456;CH. PISANTE INOX DO BRAÇO DIR. #INOX 2,00 (021109848);CHAPAS;UN;0;0
9499;"CHAPA DO MECANISMO AJUSTE #5/16"" (021109850) ";CHAPAS;UN;0;0
9500;EIXO 159MM (021109851);USINADOS;UN;0;0
9501;EIXO DA REGULAGEM PISTÃO (021109852);USINADOS;UN;0;0
9503;BUCHA BATENTE ROLAMENTO (021109853);USINADOS;UN;0;0
9506;COLUNA DA PUXADA 2X1 PRÓ (021109855);TUBOS;UN;0;0
9507;"ACABAMENTO LATERAL COM FURO CARENAGEM ESTEIRA REAB N6 #1/8"" (021109856)";CHAPAS;UN;0;0
9508;COLUNA DA PUXADA ALTA LFR (021106680);TUBOS;UN;0;0
9509;COLUNA DA PUXADA ALTA PRÓ/IRIDIUM (021104165);TUBOS;UN;0;0
9512;PEGADA ESTEIRA KIDS GII EMBORRACHADA;CONJUNTOS E SUBCONJUNTOS;UN;0;0
9514;"CARRINHO HORIZONTAL ELEVAÇÃO PÉLVICA DIREITO #1/4"" (021109881)";CHAPAS;UN;0;0
9515;" CAR. VERTICAL ELEVAÇÃO PÉLVICA DIREITO #1/4"" (021109882)";CHAPAS;UN;0;0
9516;"ENCOSTO ELEVAÇÃO PÉLVICA GUIADA #3/16"" (021109883)";CHAPAS;UN;0;0
9518;"MÃO FRANCESA 2 PISANTE #3/16"" (021109885)";MÃO FRANCESA;UN;0;0
9520;77X40X#2,00 - BASE TRASEIRA DIREITO (021109859);TUBOS;UN;0;0
9521;TUBO TRAVA DA BARRA GUIADA (021109880);USINADOS;UN;0;0
9522;FLAUTA (135MM) ELEVAÇÃO PÉLVICA INOX (021109858);TUBOS;UN;0;0
9525;"MÃO FRANCESA DA BASE DIR. #3/16"" (021109887)";CHAPAS;UN;0;0
9528;"ORELHA DOBRADA DA CHAPA SUPORIOR ESQ. #1/4"" (021109888)";CHAPAS;UN;0;0
9529;"CHAPA DE REG. DA CANTONEIRA ESQ. #1/4"" (021109889)";CHAPAS;UN;0;0
9553;"CH. DOBRADA DO BRAÇO ART. ESQUERDA LFR/PRÓ/IRIDIUM #3/16"" (021109891)";CHAPAS;UN;0;0
9554;TUBO DE LUBRIFICAÇÃO X-3/X-4/X-6 (021106752);CONJUNTOS E SUBCONJUNTOS;UN;0;0
9557;TUBO DE LUBRIFICAÇÃO EST. REABILITAÇÃO (021107559);TUBOS;UN;0;0
9559;"PEGADA ELEVAÇÃO PÉLVICA #1/4"" (021109892)";CHAPAS;UN;0;0
9564;PP BATENTE TRAVA (021109879);USINADOS;UN;0;0
9566;EIXO SUSTENTAÇÃO ANILHAS 1800MM (021109898);USINADOS;UN;0;0
9574;PEGADA DO CROSS OVER IRIDIUM (021100242);USINADOS;UN;0;0
9575;PEGADA CROSSMITH'S / CROSS STATION (021102296);USINADOS;UN;0;0
9577;PEGADA CROSS OVER ESCALADA LF-R (021105795);USINADOS;UN;0;0
9580;PEGADA SUPERIOR DOS GRAVITONS (021109907);USINADOS;UN;0;0
9582;EIXO DA PEGADA UNILATERAL REMADA BAIXA (021109389);USINADOS;UN;0;0
9583;CONTRA PESO EMBORRACHADO;CONJUNTOS E SUBCONJUNTOS;UN;0;0
9584;TREFILADO DA PUXADA ALTA OPTIMUS (021109480);USINADOS;UN;0;0
9589;"CH. BATENTE DA PEGADA ESQ. #3/16"" (021109913)";CHAPAS;UN;0;0
9594;CH. SUPORTE DO HALTER PARA EMBORRACHAR (021107929);CHAPAS;UN;0;0
9595;PEGADA REMADA GUIADA 45 PARA EMBORRACHAR;CONJUNTOS E SUBCONJUNTOS;UN;0;0
9599;TUBO PEGADA REGULAVEM ESTEIRA N6 021109899;USINADOS;UN;0;0
9600;PEGADA REGULAVEL ESTEIRA REAB. N6 (021109915);CONJUNTOS E SUBCONJUNTOS;UN;0;0
9602;CHAPA DE INOX MEIO DO QUADRO (021109795) ;CHAPAS;UN;0;0
9603;PISANTE SUPERIOR QUADRIL (021109796);CHAPAS;UN;0;0
9604;APOIO DO PÉ INFERIOR (021109797);CHAPAS;UN;0;0
9607;"CH. APOIO ASSENTO ESQ. #3/16"" (021109919) ";CHAPAS;UN;0;0
9610;"MÃO FRANCESA DIREITA BICEPS #3-16"" (021109922)";MÃO FRANCESA;UN;0;0
9611;MÃO FRANCESA DA BASE ESQUERDA CH.#3/16'' (021109923);MÃO FRANCESA;UN;0;0
9612;"ORELHA DOBRADA EM L ESQUERDA #1/4"" (021109924)";ORELHAS;UN;0;0
9613;BATENTE DA REGULAGEM EXTENSÃO DE QUADRIL (021109925);USINADOS;UN;0;0
9614;CHAPA DA REGULAGEM INFERIOR (021109926);CHAPAS;UN;0;0
9618;EIXO DO BRAÇO SUPINO PARA EMBORRACHAR;USINADOS;UN;0;0
9619;EIXO BATENTE TRAVA (021109929);USINADOS;UN;0;0
9643;"CORRIMÃO SUP. ESCADA EMBORRACHADO Ø1 1/2""x#2,00 1965MM (PAR)";CONJUNTOS E SUBCONJUNTOS;UN;0;0
9644;"CAR. VERTICAL ELEVAÇÃO PÉLVICA ESQUERDO #1/4"" (021109930)";CHAPAS;UN;0;0
9645;TUBO PEGADA FIXA GAIOLA REABLITAÇÃO (021108768);USINADOS;UN;0;0
9646;TUBO PEGADA REGULAVEL GAIOLA REABLITAÇÃO (021109537);USINADOS;UN;0;0
9647;TRAVA REGULADOR DA PEGADA (021109538);USINADOS;UN;0;0
9648;"PEGADA CENTRAL SUP. EMBORRACHADA Ø1 1/2""x#2,00 800MM";CONJUNTOS E SUBCONJUNTOS;UN;0;0
9650;BUCHA TRAVA DO BANCO (021109931);USINADOS;UN;0;0
9651;"CARRINHO HORIZONTAL ELEVAÇÃO PÉLVICA ESQUERDO #1/4"" (021109932)";CHAPAS;UN;0;0
9652;"CH. PISANTE SUP DO BRAÇO ESQUERDA 3/16"" (021109933)";CHAPAS;UN;0;0
9655;CONTRA PESO PARA EMBORRACHAR (021109938);USINADOS;UN;0;0
9659;"PONTEIRA DE ALUMINIO COM FURO 1 1/4"" (021109939)";USINADOS;UN;0;0
9659;"PONTEIRA DE ALUMINIO COM FURO 1 1/4"" (021109939)";USINADOS;UN;0;0
9660;"CHAPA FIXAÇÃO ESTOFADO FLEXOR #1/8"" (021109940)";CHAPAS;UN;0;0
9661;FLAUTA 18 FUROS 1960MM (021109941);TUBOS;UN;0;0
9662;"MÃO FRANCESA CARRINHO #3/16"" (021109942)";MÃO FRANCESA;UN;0;0
9666;"BUCHA INTERNA DA PEGADA C/ FURO 1 1/4"" (021109944)";USINADOS;UN;0;0
9666;"BUCHA INTERNA DA PEGADA C/ FURO 1 1/4"" (021109944)";USINADOS;UN;0;0
9667;FLAUTA 265MM INOX (7 FUROS) (021109946);TUBOS;UN;0;0
9676;"CH. TAMPA DO ANILHEIRO #3/16"" (021109949)";CHAPAS;UN;0;0
9680;PEGADA TREF. TRICEPS PARALELO (021109906);USINADOS;UN;0;0
9681;"TUBO COLUNA SUPERIOR TB. RED. 3""X#3,00";TUBOS;UN;0;0
9682;MÃO FRANCESA DO GAIOLA DIREITA (021109950) ;TUBOS;UN;0;0
9683;PEGADA DO LEG ARTICULADO (021106489);TUBOS;UN;0;0
9684;"ABRAÇADEIRA DO ESTICADOR CH.#1/4"" (021109951)";CHAPAS;UN;0;0
9686;PEGADA DOB. SUP. DECLINADO (021106128);TUBOS;UN;0;0
9687;MÃO FRANCESA DO AGACHAMENTO DIREITA (021109953);TUBOS;UN;0;0
9688;"CORRIMÃO INFERIOR ESQUERDO Ø2""x#2,00 2413MM (021109954)";TUBOS;UN;0;0
9689;"ESTICADOR #1/4"" (021109955)";CHAPAS;UN;0;0
9690;"ARGOLA DO ESTICADOR #1/4"" (021109956)";ORELHAS;UN;0;0
9691;TENSIONADOR DO ABDUTOR ARTICULADO (021109958);CONJUNTOS E SUBCONJUNTOS;UN;0;0
9692;TUBO DA BASE DA ESCADA DIREITO (021107369);TUBOS;UN;0;0
9693;TUBO DA BASE DA ESCADA ESQUERDO (021106663);TUBOS;UN;0;0
9694;HASTE DE APOIO DIREITA (021109960) ;TUBOS;UN;0;0
9696;PEGADA DESENVOLV. OMBRO CONVERGENTE ESQ. (021109961);TUBOS;UN;0;0
9698;TRAVA DO BRAÇO ESQ. (021109962);TUBOS;UN;0;0
9699;CURVA DA PEGADA PUXADA ALTA (021109365);TUBOS;UN;0;0
9700;MANCAL 50MM (021109963);USINADOS;UN;0;0
9702;BASE DO ASSENTO 77X40 DIREITO (021107405);TUBOS;UN;0;0
9703;BASE DO ASSENTO 77X40 ESQUERDA (021109965);TUBOS;UN;0;0
9704;CURVA LATERAL SUP. DE DUMBELL (021107727);TUBOS;UN;0;0
9705;APOIO DOBRADO DA BARRA (021105871);TUBOS;UN;0;0
9706;CURVA TRASEIRA DA ART. (021106309);TUBOS;UN;0;0
9707;TRAVA DA TORRE ABDOMINAL P.L. (021106344);TUBOS;UN;0;0
9708;BRAÇO ARTICULADO DOBRADO DIREITO (021107741);TUBOS;UN;0;0
9709;BRAÇO ARTICULADO DOBRADO ESQUERDO (021109966);TUBOS;UN;0;0
9710;MÃO FRANCESA TORRE 77X40 DIREITO (021107425) ;TUBOS;UN;0;0
9711;MÃO FRANCESA TORRE 77X40 ESQUERDO (021107643)  ;TUBOS;UN;0;0
9713;PEGADA ESQ. PEITORAL INCLINADO (021109969);TUBOS;UN;0;0
9715;REBITE M6 (021109970);USINADOS;UN;0;0
9716;BRAÇO DA PANTURRILHA (021105995);TUBOS;UN;0;0
9717;TRAVA MEIO FLEXOR UNILATERAL (021109486)  ;TUBOS;UN;0;0
9718;CURVA DO PISANTE (021105996);TUBOS;UN;0;0
9720;APOIO CENTRAL INFERIOR (021109607)   ;TUBOS;UN;0;0
9724;TUBO DA PERNA DIREITA (021104109);TUBOS;UN;0;0
9725;BRAÇO DO BICEPS UNILATERAL DIR. (021109972);TUBOS;UN;0;0
9727;CALÇO ESPAÇADOR (021109974);USINADOS;UN;0;0
9729;EIXO DO TENSIONADOR (021109975);USINADOS;UN;0;0
9731;REDUTOR (021109976);USINADOS;UN;0;0
9732;"BATENTE DA FLAUTA #1/4"" (021109977)";CHAPAS;UN;0;0
9733;"ORELHA DA ALAVANCA CONDUITE #1/4"" (021109979)";CHAPAS;UN;0;0
9734;TRAVA DO CONDUITE SUPINO (021106095);TUBOS;UN;0;0
9736;TUBO DA PERNA C/ BOCA DE LOBO ESQUERDO (021109978);TUBOS;UN;0;0
9742;BRAÇO DIR. DO SUPINO VERTICAL (021106096);TUBOS;UN;0;0
9743;ANILHEIRO BICEPS UNILATERAL ESQ. (021109985);TUBOS;UN;0;0
9744;CONEXÃO DOBRADA DO SUPINO PRÓ (021106099);TUBOS;UN;0;0
9745;BRAÇO DOBRADO DO PESO ESQUERDO (021109986);TUBOS;UN;0;0
9746;BRAÇO CENTRAL DA PEGADA (021106920);TUBOS;UN;0;0
9747;BUCHA PP Ø16 X 44mm (021109987);USINADOS;UN;0;0
9749;BRAÇO TORRE COM PISANTE ESQ. (021109988);TUBOS;UN;0;0
9757;BRAÇO DIREITO PUXADA ALTA VERTICAL (021108344) ;TUBOS;UN;0;0
9758;BRAÇO ESQUERDO PUXADA ALTA VERTICAL (021108345) ;TUBOS;UN;0;0
9762;EIXO RETIFICADO 1000mm (021109994);USINADOS;UN;0;0
9763;PP BATENTE TRAVA 2 (021109995);USINADOS;UN;0;0
9764;"ORELHA ELEVAÇÃO PÉLVICA #1/4"" (021109992)";ORELHAS;UN;0;0
9765;"ABRAÇADEIRA MAIOR DO ESTICADOR CH.#1/4"" (021109996)";CHAPAS;UN;0;0
9766;"COROA TENCIONADOR ESCADA CH.#1/8"" (021109999)";CHAPAS;UN;0;0
9767;BUCHA ESTICADOR CORRENTE (021109997);USINADOS;UN;0;0
9768;EIXO DO ESTICADOR ESCADA (021109998);USINADOS;UN;0;0
9769;PEGADA DO HACK 45° LOMBAR GII (021107884);TUBOS;UN;0;0
9771;COLUNA LATERAL (021106545);TUBOS;UN;0;0
9772;PEGADA BICEPS UNILATERAL (021109521);TUBOS;UN;0;0
9774;PEGADA DO PEC FLY (021109610);TUBOS;UN;0;0
9775;SUPORTE DO APOIO DE PÉ (021102703);TUBOS;UN;0;0
9778;PLATAFORMA EXTERNA (021106544);TUBOS;UN;0;0
9782;BRAÇO ARTICULADO (021106548);TUBOS;UN;0;0
9783;BRAÇO ESQUERDO MULTI STATION M2 (021107105);TUBOS;UN;0;0
9784;BRAÇO DIREITO MULTI STATION M2 (021110004) ;TUBOS;UN;0;0
9785;BRAÇO DOBRADO PEITORAL (021109609) ;TUBOS;UN;0;0
9788;BRAÇO ESQ. DO SUPINO VERTICAL (021110005);TUBOS;UN;0;0
9789;PEGADA DO GLUTEO GUIADO (021107823);TUBOS;UN;0;0
9790;PEGADA DO BRAÇO SIMULADOR ESQUERDO (021106557);TUBOS;UN;0;0
9791;BRAÇO DO TRICEPS PAR. LFR (021105928);TUBOS;UN;0;0
9792;BRAÇO ABDUTOR ARTICULADO ESQUERDO (021109176) ;TUBOS;UN;0;0
9793;PEGADA DO BRAÇO SIMULADOR DIREITO (021110006);TUBOS;UN;0;0
9794;BRAÇO ABDUTOR ARTICULADO DIREITO (021109177)  ;TUBOS;UN;0;0
9795;PROTEÇÃO INOX BATERIA DUPLA (021110007);TUBOS;UN;0;0
9797;PEGADA REGULAGEM DO ENCOSTO (021109190);TUBOS;UN;0;0
9798;PEGADA DO ABDUTOR ARTICULADO DIR. (021109191);TUBOS;UN;0;0
9799;PEGADA DO ABDUTOR ARTICULADO ESQ. (021110033);TUBOS;UN;0;0
9802;PEGADA SUPINADA REMADA BAIXA (021109398);TUBOS;UN;0;0
9803;PEGADA PRONADA REMADA BAIXA (021109397);TUBOS;UN;0;0
9804;PEGADA CURVA DO BRAÇO (021107104);TUBOS;UN;0;0
9805;BRAÇO DOBRADO STATION (021106369);TUBOS;UN;0;0
9806;MÃO FRANCESA COLUNA STATION (021106370);TUBOS;UN;0;0
9807;TUBO DOBRADO DA PERNA (021106368);TUBOS;UN;0;0
9808;"BRAÇO DIREITO MAIOR MULTI STATION Ø1 1/4""x#2,00 (021106389)";TUBOS;UN;0;0
9809;BRAÇO MENOR MULTI STATION (021106388);TUBOS;UN;0;0
9811;PEGADA DOBRADA ABDOMINAL (021106318);TUBOS;UN;0;0
9819;"CHAPA FRONTAL REGULAGEM BRAÇO CH.#5/16"" (021110045)";CHAPAS;UN;0;0
9820;"CHAPA REGULAGEM BRAÇO  CH.#5/16"" (021110046)";CHAPAS;UN;0;0
9821;"CHAPA DA ROLDANA SUP GII CH.#3/16""(021110044)";CHAPAS;UN;0;0
9825;"CHAPA BASE MANCAL FLANGE CH.#5/16""(021110040)";CHAPAS;UN;0;0
9826;"CHAPA BASE MANCAL FLANGE COM PIT CH.#5/16""(021110041)";CHAPAS;UN;0;0
9827;"CHAPA INTERNA NOVA BARBATANA COM PIT CH.#1/4""(021110042)";CHAPAS;UN;0;0
9828;"CHAPA INTERNA BARBATANA GII CH.#1/4""(021110043)";CHAPAS;UN;0;0
9829;"SUPORTE ROLDANA INTERMEDIARIA CH.#3/16"" (021110047)";CHAPAS;UN;0;0
9830;"ALAVANCA DO BRAÇO BATERIA DUPLA CH.#1/8"" (021110039)";CHAPAS;UN;0;0
9831;BATENTE DO PIT FRONTAL GII PPØ16mm (021110048);USINADOS;UN;0;0
9832;EIXO DO BATENTE DO PIT FRONTAL GII (021110049);USINADOS;UN;0;0
9834;EIXO DO BRAÇO BATERIA DUPLA (021110051);USINADOS;UN;0;0
9835;EIXO FURADO DO BRAÇO BATERIA DUPLA (021110052);USINADOS;UN;0;0
9836;EIXO VERTICAL DO BRAÇO BATERIA DUPLA (021110053);USINADOS;UN;0;0
9843;TREF. PEGADA DO AGACHAMENTO SISSY AFUNDO (021110064);USINADOS;UN;0;0
9844;TAMPA PP EIXO ORBITAL (021110065);USINADOS;UN;0;0
9849;"CHAPA BASE DO CARRINHO LEG GIII #1/4"" (021110032)";CHAPAS;UN;0;0
9851;"CHAPA DO ESTOFADO INFERIOR #1/4"" (021110030)";CHAPAS;UN;0;0
9852;"CONEXÃO LEG KRATOS #1/4"" (021110029)";CHAPAS;UN;0;0
9853;BUCHA 105MM DO GUIA 40MM (021110024);USINADOS;UN;0;0
9854;"CHAPA DO PISANTE LEG KRATOS #1/4"" (021110022)";CHAPAS;UN;0;0
9859;"CHAPA REGULAGEM DO GUIA #1/4"" (021110061)";CHAPAS;UN;0;0
9861;77X40X#2,00 - BASE TRASEIRA ESQUERDA (021109860);TUBOS;UN;0;0
9862;BRAÇO DE REGULAGEM 190MM (021110066);USINADOS;UN;0;0
9865;TREF DA TRAVA (021110020);USINADOS;UN;0;0
9866;INOX DO PISANTE LEG KRATOS #INOX 2,00 (021110062);CHAPAS;UN;0;0
9870;CHAPA ALINHAMENTO HACK 45°/LEG 45º (021110068);CHAPAS;UN;0;0
9877;PEGADA EXTENSÃO DE QUADRIL (021109782) ;TUBOS;UN;0;0
9878;"CHAPA NOVA TRAVA BARRA GUIADA #3/16"" (021110078)";CHAPAS;UN;0;0
9879;"GANCHO DA BARRA GUIADA #1/4"" (021110079)";ORELHAS;UN;0;0
9880;TRAVA DE SEGURANÇA (021110080);CHAPAS;UN;0;0
9881;CALÇO DO EIXO 15MM ZINCADO (021110089);USINADOS;UN;0;0
9882;EIXO DA TRAVA DE SEGURANÇA BARRA GUIADA (021110081);USINADOS;UN;0;0
9885;BUCHA PP DA TRAVA DE SEGURANÇA BARRA GUIADA (021110083);USINADOS;UN;0;0
9886;BUCHA PP DO GANCHO BARRA GUIADA (021110084);USINADOS;UN;0;0
9887;BUCHA DO EIXO DA TRAVA DE SEGURANÇA (021110085);USINADOS;UN;0;0
9889;"CH. ENCOSTO DO ENCOSTO CRUCIFIXO #3/16"" (021110090)";CHAPAS;UN;0;0
9890;CH. ALINHAMENTO HACK LOMBAR (021110092) ;CHAPAS;UN;0;0
9894;"ORELHA DO CONTRA PESO NOVO#3/16"" (021110097)";ORELHAS;UN;0;0
9895;"PEÇA DIR. CHAPA DE FIXAÇÃO TRASEIRA FURO RED.#3/16"" (021110095)";CHAPAS;UN;0;0
9896;"PEÇA ESQ. CHAPA DE FIXAÇÃO TRASEIRA FURO RED.#3/16"" (021110094)";CHAPAS;UN;0;0
9897;"PEÇA CENTRAL CHAPA DE FIXAÇÃO TRASEIRA #3/16"" (021110093)";CHAPAS;UN;0;0
9898;"PEÇA DAS LATERAIS CH. DE FIXAÇÃO DIANTEIRA #3/16"" (021110100)";CHAPAS;UN;0;0
9899;"PEÇA CENTRAL DE FIXAÇÃO DIANTEIRA #3/16"" (021110099)";CHAPAS;UN;0;0
9900;"PEÇA ESQ. CH. DE FIXAÇÃO TRASEIRA FURO OBL.#3/16"" (021110098) ";CHAPAS;UN;0;0
9901;"PEÇA DIR. CH. DE FIXAÇÃO TRASEIRA FURO OBL.#3/16"" (021110096)";CHAPAS;UN;0;0
9902;TREF DO BATENTE  (021110073);USINADOS;UN;0;0
9906;ACAB. EXTERNO DA COLMEIA 595MM (LC 70/50/30) (ALUMÍNIO) (021110122);CHAPAS;UN;0;0
9907;ACAB. EXTERNO DA COLMEIA 600MM (LC 50/70/100) (ALUMÍNIO) (021110121);CHAPAS;UN;0;0
9908;ACAB. EXTERNO DA COLMEIA 300MM (LC 30) (ALUMÍNIO) (021110123);CHAPAS;UN;0;0
9909;CH. COLMEIA 190X1240MM LC30 (ALUMÍNIO) (021110126);CHAPAS;UN;0;0
9910;CH. COLMEIA 190X1500MM LC50 E LC70 (ALUMÍNIO) (021110127);CHAPAS;UN;0;0
9911;CHAPA 1200X155 DA COLMEIA LC100 E LC70 (ALUMÍNIO) (021110128);CHAPAS;UN;0;0
9912;CHAPA 755X155 DA COLMEIA LC100 E LC70 (ALUMÍNIO) (021110160);CHAPAS;UN;0;0
9914;CH. COLMEIA CLIMATIZADOR #2,00X160X1200 (ALUMÍNIO) (021110167);CHAPAS;UN;0;0
9915;CH. COLMEIA CLIMATIZADOR #1,00X160X600 (ALUMÍNIO) (021110168);CHAPAS;UN;0;0
9916;CHAPA EMENDA FRONTAL LC70 (ALUMÍNIO) (021110173);CHAPAS;UN;0;0
9921;RODINHA PP 2'' (021110120);USINADOS;UN;0;0
9921;RODINHA PP 2'' (021110120);USINADOS;UN;0;0
9932;FLAUTA ENCOSTO ELEVAÇÃO PÉLVICA INOX (02111143);TUBOS;UN;0;0
9933;"CARRINHO ENCOSTO ELEVAÇÃO PÉLVICA #1/4"" (02111147)";CHAPAS;UN;0;0
9934;"SUPORTE CARRINHO ENCOSTO 1 #3/16"" (02111148)";ORELHAS;UN;0;0
9935;"SUPORTE MOLA GAS ENCOSTO #3/16"" (021110149)";ORELHAS;UN;0;0
9936;"CH. FIXAÇÃO DO CABO #1/8"" (021110154)";CHAPAS;UN;0;0
9939;EIXO RETIFICADO 350mm (02111156);USINADOS;UN;0;0
9940;CHAPA DO TRAVA CABO (021104496);CHAPAS;UN;0;0
9942;"CH. DE PROT.  SENSOR DA ESTEIRA #1/8"" (021110153)";CHAPAS;UN;0;0
9943;"CHAPA ENCAIXE DO BOTÃO #1/8"" (021110152)";CHAPAS;UN;0;0
9944;"CHAPA DE FIXAÇÃO LATERAL #3/16"" (021110151)";CHAPAS;UN;0;0
9954;BASE VERTICAL LEG E HACK 35° (021110175);TUBOS;UN;0;0
9956;BASE DIREITA HORIZONTAL LEG 35 (021110177);TUBOS;UN;0;0
9957;BASE ESQUERDA HORIZONTAL LEG 35 (021110178);TUBOS;UN;0;0
9958;"CHAPA DO PISANTE LEG 35 #1/4"" (021110183)";CHAPAS;UN;0;0
9961;PEGADA DO LEG GIII (021110190);TUBOS;UN;0;0
9962;BUCHA DO STOP (021110027);USINADOS;UN;0;0
9964;"SUPORTE MANCAL DO ROLAMENTO C/ ABA #1/4"" (021110219)";CHAPAS;UN;0;0
9965;"SUPORTE MANCAL ROLAMENTO C/ RASGO #1/4"" (021110218)";CHAPAS;UN;0;0
9992;"CHAPA DA REGULAGEM ROLETE #3/16"" (021110233)";CHAPAS;UN;0;0
9994;"CHAPA DA PEGADA DE APOIO #1/4"" (021110235)";CHAPAS;UN;0;0
9995;"CHAPA SUPORTE DA RODINHA #3/16"" (021110236)";CHAPAS;UN;0;0
9997;PP DO BULGARO 20MM (021110237);USINADOS;UN;0;0
9998;EIXO TRAVA DE SEGURANÇA LEG 45° (021110252);USINADOS;UN;0;0
10000;PP ANILHEIRO ESTOFADO (021110266);USINADOS;UN;0;0
10005;CHAPA BASE DO CARRINHO PILOW #1/4'' (021110281);CHAPAS;UN;0;0
10006;"CHAPA SUPORTE DA ROLDANA DUPLA #3/8"" (021110282)";CHAPAS;UN;0;0
10007;"CHAPA EXTERNA DO SUPORTE DUPLO #3/8"" (021110283)";CHAPAS;UN;0;0
10009;BUCHA DO BRAÇO DA REMADA (021110293) ;USINADOS;UN;0;0
10011;"CH. DO PILLOW 180° CH.#1-4"" (021110297)";CHAPAS;UN;0;0
10023;TREFILADO DO TRAVA CABO (021110306);USINADOS;UN;0;0
10025;"CHAPA DE CONEXÃO DO ENCOSTO #1/4"" (021110311)";CHAPAS;UN;0;0
10027;"CHAPA DE CONEXÃO DO PÉ #3/16"" (021110314)";CHAPAS;UN;0;0
10035;"CHAPA DO PAINEL KAYAK CH.#3/16"" (021110327)";CHAPAS;UN;0;0
10036;PESCOÇO DO PAINEL KAYAK (021110328);TUBOS;UN;0;0
10037;TRAVA PESCOÇO PAINEL KAYAK (021110329);TUBOS;UN;0;0
10051;"CHAPA ROLDANA CROSS ANGULAR IRIDIUM #1/4"" (021110335)";CHAPAS;UN;0;0
10052;CAR. CROSS ANGULAR IRIDIUM C/ RASGO (021110336);CHAPAS;UN;0;0
10053;CAR CROSS ANGULAR IRIDIUM S/ RASGO (021110337);CHAPAS;UN;0;0
10076;"PÉ DE APOIO 65mm Ø3""X#2,00X75 (021103513)";TUBOS;UN;0;0
10077;"PÉ DE APOIO 35mm Ø2 1/2""X#2,65X45 (021107719)";TUBOS;UN;0;0
10078;"PÉ DE APOIO 35mm Ø3""X#2,00X43 (021110142)";TUBOS;UN;0;0
10079;"PÉ DE APOIO 40mm Ø3""X#2,00X48 (021104870)";TUBOS;UN;0;0
10080;"PÉ DE APOIO 50mm Ø3""X#2,00X60 (021106243)";TUBOS;UN;0;0
10081;"PÉ DE APOIO 55mm Ø3""X#2,00X65 (021110298)";TUBOS;UN;0;0
10082;"PÉ DE APOIO 60mm Ø3""X#2,00X70 (021103225)";TUBOS;UN;0;0
10083;"PÉ DE APOIO 70mm Ø3""X#2,00X78 (021101559)";TUBOS;UN;0;0
10085;"CHAPA SUPORTE BARRA ESQ. #3/16"" (021110340)";CHAPAS;UN;0;0
10087;TRAVA BATERIA DE PESO (021108928) ;TUBOS;UN;0;0
10090;TRAVA SUPERIOR 100X40 (021104393)   ;TUBOS;UN;0;0
10091;TUBO DA BASE DE PESO CROOS OVER (021101773);TUBOS;UN;0;0
10092;LIGAÇÃO TORRE (021104128);TUBOS;UN;0;0
10095;TB. BARRA REMADA FUNCIONAL (021102587);USINADOS;UN;0;0
10099;CH. INOX DA REGULAGEM DIREITA #INOX 2,00 (021110355);CHAPAS;UN;0;0
10100;CH. INOX DA REGULAGEM ESQUERDA #INOX 2,00 (021110356);CHAPAS;UN;0;0
10101;BASE DE PESOS ADUTOR SMART (021104505) ;TUBOS;UN;0;0
10102;LIGAÇÃO DA TORRE (021104550)  ;TUBOS;UN;0;0
10103;"ALAVANCA TRAVA BRAÇO DIREITA CH.#3/16"" (021110357)";CHAPAS;UN;0;0
10104;TRAVA DA TORRE ABDOMINAL PRÓ E LFR (1) (021107169);TUBOS;UN;0;0
10105;TRAVA DA TORRE FURADA (2) (021106308);TUBOS;UN;0;0
10107;ALAVANCA DE REGULAGEM CROMADO ABDUTOR ARTICULADO DIREITO;CONJUNTOS E SUBCONJUNTOS;UN;0;0
10112;ARTICULAÇÃO DO BRAÇO;CONJUNTOS E SUBCONJUNTOS;UN;0;0
10113;CALCO DE ROLDANA 20mm (021110363);USINADOS;UN;0;0
10115;CONEXÃO DOBRADA DO SUPINO LFR (021106106);TUBOS;UN;0;0
10116;BUCHA 90MM SUPINO VERTICAL (021110364);USINADOS;UN;0;0
10121;TUBO DE APOIO PISANTE (021104367);TUBOS;UN;0;0
10122;TUBO DE APOIO DA TORRE (021102054);TUBOS;UN;0;0
10132;BUCHA DO ANILHEIRO LEG STRONG (021110371);USINADOS;UN;0;0
10138;EIXO 100MM (021110372);USINADOS;UN;0;0
10139;CAPA DO EIXO TRAVA DO BANCO (021110373);USINADOS;UN;0;0
10142;ORELHA CONEXÃO DO PEC FLY 180MM #1/4'' (021110376);ORELHAS;UN;0;0
10144;PEGADA SUPERIOR CROSS OVER PRÓ (021104156);USINADOS;UN;0;0
10146;BUCHA DA TRAVA (021110025);USINADOS;UN;0;0
10147;"CHAPA DA CONEXÃO #1/4"" (021110381)";CHAPAS;UN;0;0
10148;"CHAPA DA PEGADA LEG 35 KRATOS #1/4"" (021110383)";CHAPAS;UN;0;0
10149;"CHAPA DO BATENTE LEG GIII #1/4"" (021110385)";CHAPAS;UN;0;0
10150;"REFORÇO DO BATENTE #1/4"" (021110386)";CHAPAS;UN;0;0
10156;"BRAÇO ESQUERDO MAIOR MULTI STATION Ø1 1/4""x#2,00 (021110390)";TUBOS;UN;0;0
10158;CHAPA DE INOX SUPINO THOR #INOX 2,00 (021110392);CHAPAS;UN;0;0
10159;CONTRA PESO 310MM (021110394);USINADOS;UN;0;0
10160;CONTRA PESO 595MM (021110395);USINADOS;UN;0;0
10161;PEGADA LEG 45º/35º KRATOS EMBORRACHAR (021110063);TUBOS;UN;0;0
10168;CH. ALINHAMENTO LEG 45º STRONG (021110401);CHAPAS;UN;0;0
10185;ARRUELA DE ACABAMENTO 2 POL (021110407);USINADOS;UN;0;0
10187;PEGADA LEG 45º/35º KRATOS EMBORRACHADA ;TUBOS;UN;0;0
10191;CH. MÃO FRANCESA ABDOMINAL (021110410);MÃO FRANCESA;UN;0;0
10194;"MÃO FRANCESA DO APOIO DE OMBRO #3/16"" (021110412)";MÃO FRANCESA;UN;0;0
10196;PP DO FREIO DO LEG (021110411);USINADOS;UN;0;0
10199;CHAPA DA PEGADA ARTICULADA PARA EMBORRACHAR (021109037);CHAPAS;UN;0;0
10204;PEGADA SUPINO VERTICAL PRÓ/LFR (021106100);TUBOS;UN;0;0
10209;ORELHA ABRAÇADEIRA DA BARRA GUIADA (021110420);TUBOS;UN;0;0
10214;CALÇO DO EIXO 13MM PARA ZINCAR (021105709);USINADOS;UN;0;0
10215;CALÇO DO EIXO 15MM PARA ZINCAR (021110089);USINADOS;UN;0;0
10216;CALÇO DO EIXO 4MM PARA ZINCAR (021105710);USINADOS;UN;0;0
10217;CALÇO DO EIXO 8MM PARA ZINCAR (021106415);USINADOS;UN;0;0
10218;CALÇO DO EIXO 6MM PARA ZINCAR (021106485);USINADOS;UN;0;0
10219;CALÇO DO EIXO MAIOR 4MM PARA ZINCAR (021105856);USINADOS;UN;0;0
10220;CALÇO DO EIXO 5MM PARA ZINCAR (021108038);USINADOS;UN;0;0
10221;"CHAPA ENCOSTO DO PILLOW #1/4"" (021110445)";CHAPAS;UN;0;0
10222;EIXO RETIFICADO 40MMX1490 (021110466);USINADOS;UN;0;0
10223;EIXO DO GRAVITON 1200mm (021110447);USINADOS;UN;0;0
10224;"CHAPA ALAVANCA DA TRAVA DO BANCO PARA CROMAR #1/8"" (021109051)";CHAPAS;UN;0;0
10227;RELÓGIO ENCOSTO CH.#1-4''(021109227) PARA CROMAR;CHAPAS;UN;0;0
10228;"REGUA DE REGULAGEM BELT #5/16"" PARA CROMAR (021108293)";CHAPAS;UN;0;0
10229;"CHAPA DO TRAPEZOIDAL EXTENSOR/FLEXOR #1/4"" PARA CROMAR (021102936)";CHAPAS;UN;0;0
10230;"CHAPA DO BATENTE TRAVA DE SEG. #1/4"" (021110433) ";CHAPAS;UN;0;0
10231;"CHAPA DO BATENTE DIRETO #1/4"" (021110434)";CHAPAS;UN;0;0
10232;BUCHA PP DO LIMITADOR (021110452);USINADOS;UN;0;0
10233;EIXO LIMITADOR (021110453);USINADOS;UN;0;0
10236;CH. INOX MENOR ESQUERDA #2,00 INOX (021110456);CHAPAS;UN;0;0
10237;CH. INOX MENOR DIREITA #2,00 INOX (021110457);CHAPAS;UN;0;0
10239;"CH. INOX PLAQUINHA PADRÃO ""LION KRATOS"" #INOX 2,00 (021110458)";CHAPAS;UN;0;0
10241;"CHAPA BASE DO HACK 35 #1/4"" (021110439)";CHAPAS;UN;0;0
10242;"CHAPA DO ESTOFADO CABEÇA #3/16"" (021110435)";CHAPAS;UN;0;0
10243;"CHAPA DO FREIO #1/4"" (021110436)";CHAPAS;UN;0;0
10244;"CHAPA DO EIXO SAIDA #1/4"" (021110437)";CHAPAS;UN;0;0
10245;"CHAPA DA ALAVANCA #1/4"" (021110438)";CHAPAS;UN;0;0
10246;"CHAPA SUPORTE DO ANILHEIRO #1/4"" (021110440)";CHAPAS;UN;0;0
10247;"CHAPA REGULAGEM HACK 35 #1/4"" (021110441)";CHAPAS;UN;0;0
10248;BUCHA 70MM GUIA 40MM (021110431);USINADOS;UN;0;0
10249;BASE ESQ. HORIZONTAL HACK 35 (021110461);TUBOS;UN;0;0
10250;BASE DIR. HORIZONTAL HACK 35 (021110462);TUBOS;UN;0;0
10251;SUPORTE DA PLATAFORMA (021110421);TUBOS;UN;0;0
10252;PEGADA DA TRAVA DIR. (021110442);TUBOS;UN;0;0
10253;PEGADA DA TRAVA ESQ. (021110460);TUBOS;UN;0;0
10254;BUCHA DO ANILHEIRO HACK 35 (021110464);USINADOS;UN;0;0
10268;SUPORTE DO GUIA DIANTEIRO (021106918) ;TUBOS;UN;0;0
10275;BUCHA PP. DA BARRA GUIADA (021110481);USINADOS;UN;0;0
10277;BUCHA TRAVA DE SEGURANÇA DA BARRA GUIADA (021110482);USINADOS;UN;0;0
10279;CHAPA PISANTE DO HACK 35 #INOX 2,00 (021110483);CHAPAS;UN;0;0
10282;EIXO DA MOLA DE SAIDA (021110484);USINADOS;UN;0;0
10283;EIXO DA MOLA DE SAIDA MENOR (021110485);USINADOS;UN;0;0
10296;CAPA PARA TUBO 77X40 COM ENCAIXE (021110315);TUBOS;UN;0;0
10298;CAPA PARA TUBO 77X40 SEM ENCAIXE (021110316);TUBOS;UN;0;0
10299;CAPA PARA TUBO 115X40 COM ENCAIXE (021110317);TUBOS;UN;0;0
10300;CAPA PARA TUBO 115X40 SEM ENCAIXE (021110318);TUBOS;UN;0;0
10301;CHAPA DA ARTICULAÇÃO MENOR C/ LIMITADOR CH.#1-4''(021110619);CHAPAS;UN;0;0
10302;CHAPA DO REGULADOR DE PERNA CH.#1-4''(021110508);CHAPAS;UN;0;0
10303;CHAPA DO REGULADOR DE PERNA MENOR CH.#1-4''(021110509);CHAPAS;UN;0;0
10304;CHAPA MENOR RELOGIO DAS BUCHAS KRATOS CH.#1-4''(021110510);CHAPAS;UN;0;0
10305;CHAPA RELOGIO DAS BUCHAS KRATOS CH.#1-4''(021110511);CHAPAS;UN;0;0
10306;CHAPA SUPORTE DA BUCHA MENOR CH.#1-4''(021110512);CHAPAS;UN;0;0
10308;CHAPA SUPORTE DO ASSENTO KRATOS CH.#1-4''(021110514);CHAPAS;UN;0;0
10309;ORELHA DA BASE ASSENTO KRATOS CH.#1-4''(021110515);CHAPAS;UN;0;0
10310;ORELHA DA BASE ASSENTO KRATOS RETA CH.#1-4''(021110516);CHAPAS;UN;0;0
10311;ORELHA DA TRAVA BASE KRATOS CH.#1-4''(021110517);CHAPAS;UN;0;0
10313;TRAVA SEGURANÇA DO EIXO DA PUXADA CH.#1-4''(021110518);CHAPAS;UN;0;0
10314;ORELHA DA TRAVA ESTRUTURA  CH.#1-4''(021110539);CHAPAS;UN;0;0
10315;REFORÇO DO BRAÇO REMADA ALTA KRATOS CH.#1-4''(021110540);CHAPAS;UN;0;0
10316;TRAVA SEG. DO EIXO REMADA ALTA KRATOS CH.#1-4''(021110541);CHAPAS;UN;0;0
10317;ALAVANCA DO PEDAL SUPINO KRATOS CH.#5-16'(021110542);CHAPAS;UN;0;0
10318;ALAVANCA TRASEIRA DA SAIDA CH.#5-16'(021110543);CHAPAS;UN;0;0
10319;CHAPA DO BATENTE DA PARTIDA CH.#1-4''(021110544);CHAPAS;UN;0;0
10320;CHAPA SUPORTE DO BATENTE INFERIRO CH.#1-4''(021110545);CHAPAS;UN;0;0
10321;SUPORTE DO TUBO ALAVANCA CH.#5-16''(021110546);CHAPAS;UN;0;0
10322;EMENDA DA TRAVA CH.#1-4''(021110547);CHAPAS;UN;0;0
10323;REFORÇO DO BRAÇO SUPINO HORIZONTAL KRATOS CH.#1-4''(021110548);CHAPAS;UN;0;0
10324;CHAPA RELOGIO PANTURRILHA KRATOS CH.#1-4''(021110587);CHAPAS;UN;0;0
10325;CHAPA BATENTE SAIDA PANTURRILHA KRATOS CH.#1-4''(021110588);CHAPAS;UN;0;0
10326;CHAPA DA BIELA TIBIAL KRATOS CH.#1-4''(021110589);CHAPAS;UN;0;0
10327;CHAPA DA MANIVELA PANTURRILHA KRATOS CH.#1-4''(021110590);CHAPAS;UN;0;0
10328;ORELHA CONEXÃO BASE PANTURRILHA CH.#1-4''(021110591);ORELHAS;UN;0;0
10329;REFORÇO DO BRAÇO PANTURRILHA CH.#1-4''(021110592);CHAPAS;UN;0;0
10330;BASE INFERIOR DO BRAÇO PUXADA KRATOS (021110490);TUBOS;UN;0;0
10331;BRAÇO DA PUXADA KRATOS (021110492);TUBOS;UN;0;0
10332;FRENTE APOIO DE PEITO KRATOS (021110493);TUBOS;UN;0;0
10333;LATERAL DIR. DO MEIO PUXADA KRATOS (021110496);TUBOS;UN;0;0
10334;LATERAL ESQ. DO MEIO PUXADA KRATOS (021110497);TUBOS;UN;0;0
10335;LATERAL TRASEIRA DIR. PUXADA KRATOS (021110498);TUBOS;UN;0;0
10336;LATERAL TRASEIRA ESQ. PUXADA KRATOS (021110499);TUBOS;UN;0;0
10337;BASE DO BRAÇO REMADA ALTA KRATOS (021110521);TUBOS;UN;0;0
10338;BASE INFERIOR DIR REMDA ALTA KRATOS (021110522);TUBOS;UN;0;0
10339;BASE INFERIOR ESQ REMDA ALTA KRATOS (021110523);TUBOS;UN;0;0
10340;BASE DO MEIO REMDA ALTA KRATOS (021110524);TUBOS;UN;0;0
10341;BRAÇO SUP. REMADA ALTA KRATOS (021110527);TUBOS;UN;0;0
10342;PÉ TRASEIRO DIR REMADA ALTA KRATOS (021110529);TUBOS;UN;0;0
10343;PÉ TRASEIRO ESQ REMADA ALTA KRATOS (021110530);TUBOS;UN;0;0
10344;LATERAL DA BASE SUPINO KRATOS (021110558);TUBOS;UN;0;0
10345;SUPORTE MANCAL BRAÇO SUPINO KRATOS (021110564);TUBOS;UN;0;0
10346;LATERAL DEITADA PANTURRILHA KRATOS (021110577);TUBOS;UN;0;0
10347;BRAÇO DE CARGA PANTURRILHA KRATOS (021110576);TUBOS;UN;0;0
10348;PEGADA PUXADA ALTA KRATOS (021110519);TUBOS;UN;0;0
10349;PEGADA DA REMADA ALTA ISSO-LATERAL KRATOS (021110536);TUBOS;UN;0;0
10350;PEGADA DO SUPINO HORIZONTAL KRATOS (021110570);TUBOS;UN;0;0
10351;"ORELHA 60MM DO AGACHAMENTO STRONG #1/4"" (021110599)";ORELHAS;UN;0;0
10356;"CH. DE SUPORTE DE DUMBBELL MENOR CH.#3/16"" (021110603)";CHAPAS;UN;0;0
10359;TRAVA DOBRADA APOLETE (021106117);TUBOS;UN;0;0
10360;BUCHA 95MM (021110505);USINADOS;UN;0;0
10361;EIXO SUPERIOR DO BRAÇO (021110506);USINADOS;UN;0;0
10364;EIXO SUP. DO BRAÇO REMADA ALTA KRATOS (021110537);USINADOS;UN;0;0
10365;CONTRA PESO KRATOS (021110538);USINADOS;UN;0;0
10366;EIXO DO BATENTE (021110550);USINADOS;UN;0;0
10367;EIXO SUP DO BRAÇO SUPINO HORIZONTAL (021110551);USINADOS;UN;0;0
10368;EIXO DA ROTULA SUPINO KRATOS (021110552);USINADOS;UN;0;0
10369;EIXO ARTICULAÇÃO DO FREIO PANTURRILHA (021110595);USINADOS;UN;0;0
10370;EIXO DO TIBIAL KRATOS (021110596);USINADOS;UN;0;0
10371;EIXO CENTRAL PANTURRILHA KRATOS (021110597);USINADOS;UN;0;0
10378;"MÃO FRANCESA DO SQUAT BELT CH. #1/4"" (021110610)";CHAPAS;UN;0;0
10382;"CHAPA CORTADA TAMPO #1/8"" (021110615)";CHAPAS;UN;0;0
10385;BUCHA ELEVAÇÃO PELVICA GUIADA (021110616);USINADOS;UN;0;0
10388;LIMITADOR DO BANCO KRATOS (021110623);USINADOS;UN;0;0
10389;TARUGO PP DO LIMITADOR BANCO KRATOS (021110624);USINADOS;UN;0;0
10392;BRAÇO SUP ESQ. REMADA ALTA KRATOS (021110629);TUBOS;UN;0;0
10394;"CHAPA SUPORTE DA BUCHA BANCO KRATOS #1/4"" (021110617)";CHAPAS;UN;0;0
10395;"CHAPA SUPORTE DO LIMITADOR BANCO KRATOS #1/4"" (021110618)";CHAPAS;UN;0;0
10396;"ORELHA DE FIX. OBLONGO 77x40 KRATOS #1/4"" (021110628)";ORELHAS;UN;0;0
10399;CH. INOX DA REGULAGEM DE PERNA #INOX 2,00 (021110607);CHAPAS;UN;0;0
10400;CH. INOX DA REGULAGEM DO BANCO #INOX 2,00 (021110608);CHAPAS;UN;0;0
10401;"ORELHA DA TRAVA SUPERIOR. #1-4"" (021110631)";CHAPAS;UN;0;0
10402;"ORELHA DO SUPORTE APOIO #1-4"" (021110632)";CHAPAS;UN;0;0
10404;EIXO DA PARTIDA TREF Ø25x1118mm (021110549);USINADOS;UN;0;0
10407;CH. PISANTE REMADA ALTA  #INOX 2,00 (021110606);CHAPAS;UN;0;0
10411;BATENTE LIMITADOR PP SUPINO KRATOS (021110604);USINADOS;UN;0;0
10412;CH.INOX DA SAIDA DO BRAÇO #INOX 2,00 (021110605);CHAPAS;UN;0;0
10414;BUCHA LIMITADORA PANTURRILHA (021110594);USINADOS;UN;0;0
10420;CHAPA INOX DO RELOGIO PANTURRILHA #INOX 2,00 (021110609);CHAPAS;UN;0;0
10435;PP DO LIMITADOR M8 (021110678);USINADOS;UN;0;0
10436;PP DO BATENTE DO LEG (021110677);USINADOS;UN;0;0
10437;"CHAPA REFORÇO DO CARRINHO #1/4"" (021110679)";CHAPAS;UN;0;0
10440;CHAPA DA ARTICULAÇÃO MENOR CH.#1-4''(021110507);CHAPAS;UN;0;0
10475;SUPORTE DO APOIO DE PÉ IRIDIUM (021110723);TUBOS;UN;0;0
10482;CANT. DE SUPORTE DE DUMBELL (021102455);TUBOS;UN;0;0
10501;CANTONEIRA DO AMORTECEDOR (021106847);TUBOS;UN;0;0
10520;BUCHA PP BATENTE CARRINHO SUPINO DECLINADO (021110784);USINADOS;UN;0;0
10522;CANTONEIRA DA TRAVA (021104510);TUBOS;UN;0;0
10523;CANTONEIRA 90MM (021103872);TUBOS;UN;0;0
10533;TRAVA REGULADOR DA PEGADA N6 (021110788);USINADOS;UN;0;0
10544;MÃO FRANCESA 41MM (021104366);TUBOS;UN;0;0
